node1,node2,length,startLat,startLon,endLat,endLon,endNodeL,startNodeL,startYear,endYear,treeID
5,6,0.000202659493899998,40.3644901247051,-73.9093789782023,40.3536250337607,-73.9159449664403,0.000202659493899998,0,2020.24800859734,2020.24821125683,216000000
5,7,0.000442659493900002,40.3644901247051,-73.9093789782023,40.3774571754628,-73.9136175882442,0.000442659493900002,0,2020.24800859734,2020.24845125683,216000000
6,1,0.03594174863,40.3536250337607,-73.9159449664403,40.8796849032125,-73.8686061723599,0.0361444081239,0.000202659493899998,2020.24821125683,2020.28415300546,216000000
6,2,0.01408382514,40.3536250337607,-73.9159449664403,40.648271636132,-73.6528997247975,0.0142864846339,0.000202659493899998,2020.24821125683,2020.26229508197,216000000
7,3,0.05482743169,40.3774571754628,-73.9136175882442,40.595041887509,-74.1145822862341,0.0552700911839,0.000442659493900002,2020.24845125683,2020.30327868852,216000000
7,4,0.01384382514,40.3774571754628,-73.9136175882442,40.6156313242049,-74.0399898141532,0.0142864846339,0.000442659493900002,2020.24845125683,2020.26229508197,216000000
