node1,node2,length,startLat,startLon,endLat,endLon,endNodeL,startNodeL,startYear,endYear,treeID
5,6,0.000202659493899998,40.9757805509317,-73.9129605752029,40.931186705517,-73.9169632043938,0.000202659493899998,0,2020.24800859734,2020.24821125683,135600000
5,7,0.000442659493900002,40.9757805509317,-73.9129605752029,41.2531232797182,-73.9226184157541,0.000442659493900002,0,2020.24800859734,2020.24845125683,135600000
6,1,0.03594174863,40.931186705517,-73.9169632043938,40.8796849032125,-73.8686061723599,0.0361444081239,0.000202659493899998,2020.24821125683,2020.28415300546,135600000
6,2,0.01408382514,40.931186705517,-73.9169632043938,40.648271636132,-73.6528997247975,0.0142864846339,0.000202659493899998,2020.24821125683,2020.26229508197,135600000
7,3,0.05482743169,41.2531232797182,-73.9226184157541,40.595041887509,-74.1145822862341,0.0552700911839,0.000442659493900002,2020.24845125683,2020.30327868852,135600000
7,4,0.01384382514,41.2531232797182,-73.9226184157541,40.6156313242049,-74.0399898141532,0.0142864846339,0.000442659493900002,2020.24845125683,2020.26229508197,135600000
