node1,node2,length,startLat,startLon,endLat,endLon,endNodeL,startNodeL,startYear,endYear,treeID
5,6,4.70672620000029e-05,40.6841469697889,-73.9481800400083,40.6175266264395,-74.0669635105711,4.70672620000029e-05,0,2020.20563418957,2020.20568125683,83200000
5,7,0.04282706726,40.6841469697889,-73.9481800400083,40.7633655703965,-73.4140389228531,0.04282706726,0,2020.20563418957,2020.24846125683,83200000
6,1,0.04295262295,40.6175266264395,-74.0669635105711,40.7933569322744,-73.9458025738764,0.042999690212,4.70672620000029e-05,2020.20568125683,2020.24863387978,83200000
6,2,0.04295262295,40.6175266264395,-74.0669635105711,40.5853824416312,-73.9013095027236,0.042999690212,4.70672620000029e-05,2020.20568125683,2020.24863387978,83200000
7,3,0.03842398907,40.7633655703965,-73.4140389228531,40.7469221836142,-73.6310132862788,0.08125105633,0.04282706726,2020.24846125683,2020.2868852459,83200000
7,4,0.05481743169,40.7633655703965,-73.4140389228531,40.7411907032831,-73.6381050152815,0.09764449895,0.04282706726,2020.24846125683,2020.30327868852,83200000
