node1,node2,length,startLat,startLon,endLat,endLon,endNodeL,startNodeL,startYear,endYear,treeID
4,3,0.01240528543,40.7710315696503,-73.4732632326572,40.9156819440515,-73.8394503758087,0.01240528543,0,2020.20890618998,2020.22131147541,274400000
4,5,0.000275066850000005,40.7710315696503,-73.4732632326572,40.7262367687752,-73.5273960178871,0.000275066850000005,0,2020.20890618998,2020.20918125683,274400000
5,1,0.09682967213,40.7262367687752,-73.5273960178871,40.6963780877661,-73.6361618819425,0.09710473898,0.000275066850000005,2020.20918125683,2020.30601092896,274400000
5,2,0.03398814208,40.7262367687752,-73.5273960178871,40.6700782328595,-73.4470223064879,0.03426320893,0.000275066850000005,2020.20918125683,2020.24316939891,274400000
