node1,node2,length,startLat,startLon,endLat,endLon,endNodeL,startNodeL,startYear,endYear,treeID
5,1,0.07973639344,41.0714586212567,-74.019310483803,40.6313932405429,-73.9619077556892,0.07973639344,0,2020.23447125683,2020.31420765027,70400000
5,6,0.01203973125,41.0714586212567,-74.019310483803,40.7728372213768,-73.9740389151874,0.01203973125,0,2020.23447125683,2020.24651098808,70400000
6,2,0.00485513213699999,40.7728372213768,-73.9740389151874,40.7238942061918,-73.9873094834892,0.016894863387,0.01203973125,2020.24651098808,2020.25136612022,70400000
6,7,0.000370268749200001,40.7728372213768,-73.9740389151874,40.8275746264212,-73.9401159827388,0.0124099999992,0.01203973125,2020.24651098808,2020.24688125683,70400000
7,3,0.06732639344,40.8275746264212,-73.9401159827388,40.766787218595,-73.9563008134171,0.0797363934392,0.0124099999992,2020.24688125683,2020.31420765027,70400000
7,4,0.02087830601,40.8275746264212,-73.9401159827388,40.6200432677043,-74.0274934256011,0.0332883060092,0.0124099999992,2020.24688125683,2020.26775956284,70400000
