node1,node2,length,startLat,startLon,endLat,endLon,endNodeL,startNodeL,startYear,endYear,treeID
5,6,0.000251622074900003,40.6717413821312,-73.9416578302036,40.6889535901726,-73.9146557718709,0.000251622074900003,0,2020.20512963475,2020.20538125683,165600000
5,7,0.004871622075,40.6717413821312,-73.9416578302036,40.7181412395374,-73.9606914511233,0.004871622075,0,2020.20512963475,2020.21000125683,165600000
6,1,0.005001256831,40.6889535901726,-73.9146557718709,40.6458569096602,-73.9925275563214,0.0052528789059,0.000251622074900003,2020.20538125683,2020.21038251366,165600000
6,2,0.005001256831,40.6889535901726,-73.9146557718709,40.8475805538418,-73.9350313565954,0.0052528789059,0.000251622074900003,2020.20538125683,2020.21038251366,165600000
7,3,0.03316814208,40.7181412395374,-73.9606914511233,40.7872370101228,-73.9088269034055,0.038039764155,0.004871622075,2020.21000125683,2020.24316939891,165600000
7,4,0.000381256830699998,40.7181412395374,-73.9606914511233,40.7289859771433,-73.9738697488459,0.0052528789057,0.004871622075,2020.21000125683,2020.21038251366,165600000
