node1,node2,length,startLat,startLon,endLat,endLon,endNodeL,startNodeL,startYear,endYear,treeID
5,6,0.000251622074900003,40.6668166867052,-73.9795616944977,40.6794303385562,-73.9450258950602,0.000251622074900003,0,2020.20512963475,2020.20538125683,428400000
5,7,0.004871622075,40.6668166867052,-73.9795616944977,40.6958108166795,-73.9690177447394,0.004871622075,0,2020.20512963475,2020.21000125683,428400000
6,1,0.005001256831,40.6794303385562,-73.9450258950602,40.6458569096602,-73.9925275563214,0.0052528789059,0.000251622074900003,2020.20538125683,2020.21038251366,428400000
6,2,0.005001256831,40.6794303385562,-73.9450258950602,40.8475805538418,-73.9350313565954,0.0052528789059,0.000251622074900003,2020.20538125683,2020.21038251366,428400000
7,3,0.03316814208,40.6958108166795,-73.9690177447394,40.7872370101228,-73.9088269034055,0.038039764155,0.004871622075,2020.21000125683,2020.24316939891,428400000
7,4,0.000381256830699998,40.6958108166795,-73.9690177447394,40.7289859771433,-73.9738697488459,0.0052528789057,0.004871622075,2020.21000125683,2020.21038251366,428400000
