node1,node2,length,startLat,startLon,endLat,endLon,endNodeL,startNodeL,startYear,endYear,treeID
5,6,0.000251622074900003,40.20586963452,-74.3673812299125,40.3576047711986,-74.2738736685451,0.000251622074900003,0,2020.20512963475,2020.20538125683,56400000
5,7,0.004871622075,40.20586963452,-74.3673812299125,40.9178817406323,-73.8389104228761,0.004871622075,0,2020.20512963475,2020.21000125683,56400000
6,1,0.005001256831,40.3576047711986,-74.2738736685451,40.6458569096602,-73.9925275563214,0.0052528789059,0.000251622074900003,2020.20538125683,2020.21038251366,56400000
6,2,0.005001256831,40.3576047711986,-74.2738736685451,40.8475805538418,-73.9350313565954,0.0052528789059,0.000251622074900003,2020.20538125683,2020.21038251366,56400000
7,3,0.03316814208,40.9178817406323,-73.8389104228761,40.7872370101228,-73.9088269034055,0.038039764155,0.004871622075,2020.21000125683,2020.24316939891,56400000
7,4,0.000381256830699998,40.9178817406323,-73.8389104228761,40.7289859771433,-73.9738697488459,0.0052528789057,0.004871622075,2020.21000125683,2020.21038251366,56400000
