node1,node2,length,startLat,startLon,endLat,endLon,endNodeL,startNodeL,startYear,endYear,treeID
5,6,0.000251622074900003,40.7918408762639,-73.8384815201443,40.8150679662609,-73.8745163938597,0.000251622074900003,0,2020.20512963475,2020.20538125683,349200000
5,7,0.004871622075,40.7918408762639,-73.8384815201443,40.8036046316582,-73.7970277685231,0.004871622075,0,2020.20512963475,2020.21000125683,349200000
6,1,0.005001256831,40.8150679662609,-73.8745163938597,40.6458569096602,-73.9925275563214,0.0052528789059,0.000251622074900003,2020.20538125683,2020.21038251366,349200000
6,2,0.005001256831,40.8150679662609,-73.8745163938597,40.8475805538418,-73.9350313565954,0.0052528789059,0.000251622074900003,2020.20538125683,2020.21038251366,349200000
7,3,0.03316814208,40.8036046316582,-73.7970277685231,40.7872370101228,-73.9088269034055,0.038039764155,0.004871622075,2020.21000125683,2020.24316939891,349200000
7,4,0.000381256830699998,40.8036046316582,-73.7970277685231,40.7289859771433,-73.9738697488459,0.0052528789057,0.004871622075,2020.21000125683,2020.21038251366,349200000
