node1,node2,length,startLat,startLon,endLat,endLon,endNodeL,startNodeL,startYear,endYear,treeID
5,6,0.000251622074900003,40.7751445040146,-74.0212805723721,40.7537835991782,-74.0341518602615,0.000251622074900003,0,2020.20512963475,2020.20538125683,283200000
5,7,0.004871622075,40.7751445040146,-74.0212805723721,41.0026653549827,-74.0564584980534,0.004871622075,0,2020.20512963475,2020.21000125683,283200000
6,1,0.005001256831,40.7537835991782,-74.0341518602615,40.6458569096602,-73.9925275563214,0.0052528789059,0.000251622074900003,2020.20538125683,2020.21038251366,283200000
6,2,0.005001256831,40.7537835991782,-74.0341518602615,40.8475805538418,-73.9350313565954,0.0052528789059,0.000251622074900003,2020.20538125683,2020.21038251366,283200000
7,3,0.03316814208,41.0026653549827,-74.0564584980534,40.7872370101228,-73.9088269034055,0.038039764155,0.004871622075,2020.21000125683,2020.24316939891,283200000
7,4,0.000381256830699998,41.0026653549827,-74.0564584980534,40.7289859771433,-73.9738697488459,0.0052528789057,0.004871622075,2020.21000125683,2020.21038251366,283200000
