node1,node2,length,startLat,startLon,endLat,endLon,endNodeL,startNodeL,startYear,endYear,treeID
4,1,0.03408243956,42.4221027915304,-74.1820419673079,42.4519070343701,-74.2612295999261,0.03408243956,0,2020.20635471891,2020.24043715847,278400000
4,5,0.00402653792,42.4221027915304,-74.1820419673079,40.7763351843457,-73.9494903519095,0.00402653792,0,2020.20635471891,2020.21038125683,278400000
5,2,1.2568307219997e-06,40.7763351843457,-73.9494903519095,40.7749790896881,-73.9462976477931,0.004027794750722,0.00402653792,2020.21038125683,2020.21038251366,278400000
5,3,1.2568307219997e-06,40.7763351843457,-73.9494903519095,40.6156225968122,-74.0367935917946,0.004027794750722,0.00402653792,2020.21038125683,2020.21038251366,278400000
