node1,node2,length,startLat,startLon,endLat,endLon,endNodeL,startNodeL,startYear,endYear,treeID
4,1,0.03408243956,42.0869207435858,-74.3796670684336,42.4519070343701,-74.2612295999261,0.03408243956,0,2020.20635471891,2020.24043715847,395200000
4,5,0.00402653792,42.0869207435858,-74.3796670684336,40.6452421850912,-74.0404173969612,0.00402653792,0,2020.20635471891,2020.21038125683,395200000
5,2,1.2568307219997e-06,40.6452421850912,-74.0404173969612,40.7749790896881,-73.9462976477931,0.004027794750722,0.00402653792,2020.21038125683,2020.21038251366,395200000
5,3,1.2568307219997e-06,40.6452421850912,-74.0404173969612,40.6156225968122,-74.0367935917946,0.004027794750722,0.00402653792,2020.21038125683,2020.21038251366,395200000
