node1,node2,length,startLat,startLon,endLat,endLon,endNodeL,startNodeL,startYear,endYear,treeID
4,1,0.03408243956,41.3556697378733,-72.9934618825386,42.4519070343701,-74.2612295999261,0.03408243956,0,2020.20635471891,2020.24043715847,390400000
4,5,0.00402653792,41.3556697378733,-72.9934618825386,40.6154428045329,-74.0470181438264,0.00402653792,0,2020.20635471891,2020.21038125683,390400000
5,2,1.2568307219997e-06,40.6154428045329,-74.0470181438264,40.7749790896881,-73.9462976477931,0.004027794750722,0.00402653792,2020.21038125683,2020.21038251366,390400000
5,3,1.2568307219997e-06,40.6154428045329,-74.0470181438264,40.6156225968122,-74.0367935917946,0.004027794750722,0.00402653792,2020.21038125683,2020.21038251366,390400000
