node1,node2,length,startLat,startLon,endLat,endLon,endNodeL,startNodeL,startYear,endYear,treeID
4,1,0.03408243956,42.7837720801221,-74.5281097177966,42.4519070343701,-74.2612295999261,0.03408243956,0,2020.20635471891,2020.24043715847,89200000
4,5,0.00402653792,42.7837720801221,-74.5281097177966,40.7630200147532,-73.95398771645,0.00402653792,0,2020.20635471891,2020.21038125683,89200000
5,2,1.2568307219997e-06,40.7630200147532,-73.95398771645,40.7749790896881,-73.9462976477931,0.004027794750722,0.00402653792,2020.21038125683,2020.21038251366,89200000
5,3,1.2568307219997e-06,40.7630200147532,-73.95398771645,40.6156225968122,-74.0367935917946,0.004027794750722,0.00402653792,2020.21038125683,2020.21038251366,89200000
