node1,node2,length,startLat,startLon,endLat,endLon,endNodeL,startNodeL,startYear,endYear,treeID
4,3,0.05777550723,40.8388386303785,-73.9443078427679,40.7403864365989,-73.9241507224218,0.05777550723,0,2020.18539389168,2020.24316939891,401200000
4,5,4.38664015100024e-05,40.8388386303785,-73.9443078427679,40.8631754614357,-73.9248941560751,4.38664015100024e-05,0,2020.18539389168,2020.18543775808,401200000
5,1,0.05773164083,40.8631754614357,-73.9248941560751,40.7664820915073,-73.9712211835497,0.05777550723151,4.38664015100024e-05,2020.18543775808,2020.24316939891,401200000
5,2,0.02494475559,40.8631754614357,-73.9248941560751,40.8033352520053,-73.9482723394473,0.02498862199151,4.38664015100024e-05,2020.18543775808,2020.21038251367,401200000
