node1,node2,length,startLat,startLon,endLat,endLon,endNodeL,startNodeL,startYear,endYear,treeID
6,1,4.95047334500009e-05,40.7265859135428,-73.8720821375405,40.7279848344095,-73.8559587356843,4.95047334500009e-05,0,2020.22945869199,2020.22950819672,214000000
6,7,0.009052564843,40.7265859135428,-73.8720821375405,41.0500604056705,-73.8067056684368,0.009052564843,0,2020.22945869199,2020.23851125683,214000000
7,2,0.03744502732,41.0500604056705,-73.8067056684368,40.707432682262,-73.7941303833606,0.046497592163,0.009052564843,2020.23851125683,2020.27595628415,214000000
7,8,0.001773942179,41.0500604056705,-73.8067056684368,40.7811261886436,-73.8256749563643,0.010826507022,0.009052564843,2020.23851125683,2020.24028519901,214000000
8,3,0.000151959461000002,40.7811261886436,-73.8256749563643,40.5250628518072,-74.2287800065583,0.010978466483,0.010826507022,2020.24028519901,2020.24043715847,214000000
8,9,0.002587321933,40.7811261886436,-73.8256749563643,40.7497567476486,-73.6978462139343,0.013413828955,0.010826507022,2020.24028519901,2020.24287252094,214000000
9,4,0.000296877965200004,40.7497567476486,-73.6978462139343,40.7422585778641,-73.6748065362077,0.0137107069202,0.013413828955,2020.24287252094,2020.24316939891,214000000
9,5,0.0248870419,40.7497567476486,-73.6978462139343,40.6298192938593,-74.0151415224051,0.038300870855,0.013413828955,2020.24287252094,2020.26775956284,214000000
