node1,node2,length,startLat,startLon,endLat,endLon,endNodeL,startNodeL,startYear,endYear,treeID
6,1,4.95047334500009e-05,40.7263319805395,-73.8123708300761,40.7279848344095,-73.8559587356843,4.95047334500009e-05,0,2020.22945869199,2020.22950819672,402800000
6,7,0.009052564843,40.7263319805395,-73.8123708300761,40.6725865369692,-74.3181846744484,0.009052564843,0,2020.22945869199,2020.23851125683,402800000
7,2,0.03744502732,40.6725865369692,-74.3181846744484,40.707432682262,-73.7941303833606,0.046497592163,0.009052564843,2020.23851125683,2020.27595628415,402800000
7,8,0.001773942179,40.6725865369692,-74.3181846744484,40.529831621632,-74.2240561650764,0.010826507022,0.009052564843,2020.23851125683,2020.24028519901,402800000
8,3,0.000151959461000002,40.529831621632,-74.2240561650764,40.5250628518072,-74.2287800065583,0.010978466483,0.010826507022,2020.24028519901,2020.24043715847,402800000
8,9,0.002587321933,40.529831621632,-74.2240561650764,40.7330728704254,-73.696949258939,0.013413828955,0.010826507022,2020.24028519901,2020.24287252094,402800000
9,4,0.000296877965200004,40.7330728704254,-73.696949258939,40.7422585778641,-73.6748065362077,0.0137107069202,0.013413828955,2020.24287252094,2020.24316939891,402800000
9,5,0.0248870419,40.7330728704254,-73.696949258939,40.6298192938593,-74.0151415224051,0.038300870855,0.013413828955,2020.24287252094,2020.26775956284,402800000
