node1,node2,length,startLat,startLon,endLat,endLon,endNodeL,startNodeL,startYear,endYear,treeID
4,1,0.02291918033,40.4229155039457,-73.8579357544906,40.6096504240361,-73.7023245921313,0.02291918033,0,2020.20932125683,2020.23224043716,194400000
4,5,0.000230000000000001,40.4229155039457,-73.8579357544906,40.423394461922,-73.8965417543978,0.000230000000000001,0,2020.20932125683,2020.20955125683,194400000
5,2,0.03361814208,40.423394461922,-73.8965417543978,40.6074880267473,-74.147372720747,0.03384814208,0.000230000000000001,2020.20955125683,2020.24316939891,194400000
5,3,0.04454710383,40.423394461922,-73.8965417543978,40.6135154224055,-74.0365572879805,0.04477710383,0.000230000000000001,2020.20955125683,2020.25409836066,194400000
