node1,node2,length,startLat,startLon,endLat,endLon,endNodeL,startNodeL,startYear,endYear,treeID
4,1,0.02291918033,40.5513646957196,-73.9669057219682,40.6096504240361,-73.7023245921313,0.02291918033,0,2020.20932125683,2020.23224043716,267600000
4,5,0.000230000000000001,40.5513646957196,-73.9669057219682,40.6384395206659,-73.9091075776576,0.000230000000000001,0,2020.20932125683,2020.20955125683,267600000
5,2,0.03361814208,40.6384395206659,-73.9091075776576,40.6074880267473,-74.147372720747,0.03384814208,0.000230000000000001,2020.20955125683,2020.24316939891,267600000
5,3,0.04454710383,40.6384395206659,-73.9091075776576,40.6135154224055,-74.0365572879805,0.04477710383,0.000230000000000001,2020.20955125683,2020.25409836066,267600000
