node1,node2,length,startLat,startLon,endLat,endLon,endNodeL,startNodeL,startYear,endYear,treeID
4,3,0.05777550723,41.0090665784066,-73.0320223597323,40.7403864365989,-73.9241507224218,0.05777550723,0,2020.18539389168,2020.24316939891,176400000
4,5,4.38664015100024e-05,41.0090665784066,-73.0320223597323,41.0370824024939,-72.9698983340777,4.38664015100024e-05,0,2020.18539389168,2020.18543775808,176400000
5,1,0.05773164083,41.0370824024939,-72.9698983340777,40.7664820915073,-73.9712211835497,0.05777550723151,4.38664015100024e-05,2020.18543775808,2020.24316939891,176400000
5,2,0.02494475559,41.0370824024939,-72.9698983340777,40.8033352520053,-73.9482723394473,0.02498862199151,4.38664015100024e-05,2020.18543775808,2020.21038251367,176400000
