node1,node2,length,startLat,startLon,endLat,endLon,endNodeL,startNodeL,startYear,endYear,treeID
7,8,0.04549,40.6163612290112,-74.2365936528686,40.6555549415729,-73.9973536513857,0.04549,0,2020.19767125683,2020.24316125683,409200000
7,9,0.007742964183,40.6163612290112,-74.2365936528686,40.4005626479863,-74.0655428711795,0.007742964183,0,2020.19767125683,2020.20541422101,409200000
8,1,0.01093710383,40.6555549415729,-73.9973536513857,40.7183414087368,-73.8567322988419,0.05642710383,0.04549,2020.24316125683,2020.25409836066,409200000
8,2,8.14207668999728e-06,40.6555549415729,-73.9973536513857,40.6584644218149,-73.9979595387002,0.04549814207669,0.04549,2020.24316125683,2020.2431693989,409200000
9,10,0.00593586999,40.4005626479863,-74.0655428711795,40.6253721542696,-74.0185565802992,0.013678834173,0.007742964183,2020.20541422101,2020.211350091,409200000
9,11,0.00307703581699999,40.4005626479863,-74.0655428711795,40.8610634546591,-74.1152860442829,0.01082,0.007742964183,2020.20541422101,2020.20849125683,409200000
10,3,0.05640947184,40.6253721542696,-74.0185565802992,40.6038217102242,-74.006602484704,0.070088306013,0.013678834173,2020.211350091,2020.26775956284,409200000
10,4,0.004496903531,40.6253721542696,-74.0185565802992,40.6338778330399,-73.989385120239,0.018175737704,0.013678834173,2020.211350091,2020.21584699453,409200000
11,5,0.04014262295,40.8610634546591,-74.1152860442829,40.6853115520565,-73.9917997631599,0.05096262295,0.01082,2020.20849125683,2020.24863387978,409200000
11,6,0.00189125683100001,40.8610634546591,-74.1152860442829,40.7681554767277,-73.5639201937033,0.012711256831,0.01082,2020.20849125683,2020.21038251366,409200000
