node1,node2,length,startLat,startLon,endLat,endLon,endNodeL,startNodeL,startYear,endYear,treeID
5,6,0.000202659493899998,40.8830581540613,-74.0907464202486,40.8920406575279,-74.0704003889986,0.000202659493899998,0,2020.24800859734,2020.24821125683,247600000
5,7,0.000442659493900002,40.8830581540613,-74.0907464202486,40.9011569962578,-73.8493558553103,0.000442659493900002,0,2020.24800859734,2020.24845125683,247600000
6,1,0.03594174863,40.8920406575279,-74.0704003889986,40.8796849032125,-73.8686061723599,0.0361444081239,0.000202659493899998,2020.24821125683,2020.28415300546,247600000
6,2,0.01408382514,40.8920406575279,-74.0704003889986,40.648271636132,-73.6528997247975,0.0142864846339,0.000202659493899998,2020.24821125683,2020.26229508197,247600000
7,3,0.05482743169,40.9011569962578,-73.8493558553103,40.595041887509,-74.1145822862341,0.0552700911839,0.000442659493900002,2020.24845125683,2020.30327868852,247600000
7,4,0.01384382514,40.9011569962578,-73.8493558553103,40.6156313242049,-74.0399898141532,0.0142864846339,0.000442659493900002,2020.24845125683,2020.26229508197,247600000
