node1,node2,length,startLat,startLon,endLat,endLon,endNodeL,startNodeL,startYear,endYear,treeID
6,7,0.000409999999999994,40.8508011864459,-73.9094756308346,40.7008118352195,-73.9186191485116,0.000409999999999994,0,2020.20893125682,2020.20934125682,203600000
6,8,0.00109999999999999,40.8508011864459,-73.9094756308346,40.7386453890675,-73.9616162102955,0.00109999999999999,0,2020.20893125682,2020.21003125682,203600000
7,1,0.0502215847,40.7008118352195,-73.9186191485116,40.6242958287709,-74.0398377559007,0.0506315847,0.000409999999999994,2020.20934125682,2020.25956284152,203600000
7,2,0.1376532787,40.7008118352195,-73.9186191485116,40.6778243198708,-74.0035962823457,0.1380632787,0.000409999999999994,2020.20934125682,2020.34699453552,203600000
8,5,0.02494142077,40.7386453890675,-73.9616162102955,40.7505756015527,-73.6497131762703,0.02604142077,0.00109999999999999,2020.21003125682,2020.23497267759,203600000
8,9,0.03856,40.7386453890675,-73.9616162102955,40.6293102856798,-73.9751455532015,0.03966,0.00109999999999999,2020.21003125682,2020.24859125682,203600000
9,3,0.01370382514,40.6293102856798,-73.9751455532015,40.6362120050425,-74.0107254071118,0.05336382514,0.03966,2020.24859125682,2020.26229508196,203600000
9,4,0.01370382514,40.6293102856798,-73.9751455532015,40.6330843995128,-74.0387825769749,0.05336382514,0.03966,2020.24859125682,2020.26229508196,203600000
