node1,node2,length,startLat,startLon,endLat,endLon,endNodeL,startNodeL,startYear,endYear,treeID
6,7,0.000409999999999994,40.524672148529,-73.9459404032232,40.4639553556106,-73.9813500631429,0.000409999999999994,0,2020.20893125682,2020.20934125682,338000000
6,8,0.00109999999999999,40.524672148529,-73.9459404032232,40.500126326207,-73.9430234536811,0.00109999999999999,0,2020.20893125682,2020.21003125682,338000000
7,1,0.0502215847,40.4639553556106,-73.9813500631429,40.6242958287709,-74.0398377559007,0.0506315847,0.000409999999999994,2020.20934125682,2020.25956284152,338000000
7,2,0.1376532787,40.4639553556106,-73.9813500631429,40.6778243198708,-74.0035962823457,0.1380632787,0.000409999999999994,2020.20934125682,2020.34699453552,338000000
8,5,0.02494142077,40.500126326207,-73.9430234536811,40.7505756015527,-73.6497131762703,0.02604142077,0.00109999999999999,2020.21003125682,2020.23497267759,338000000
8,9,0.03856,40.500126326207,-73.9430234536811,40.5749447781699,-74.0691080252363,0.03966,0.00109999999999999,2020.21003125682,2020.24859125682,338000000
9,3,0.01370382514,40.5749447781699,-74.0691080252363,40.6362120050425,-74.0107254071118,0.05336382514,0.03966,2020.24859125682,2020.26229508196,338000000
9,4,0.01370382514,40.5749447781699,-74.0691080252363,40.6330843995128,-74.0387825769749,0.05336382514,0.03966,2020.24859125682,2020.26229508196,338000000
