node1,node2,length,startLat,startLon,endLat,endLon,endNodeL,startNodeL,startYear,endYear,treeID
6,7,0.000409999999999994,40.6639994695283,-73.7828568655674,40.6403578524973,-73.7761691610449,0.000409999999999994,0,2020.20893125682,2020.20934125682,141200000
6,8,0.00109999999999999,40.6639994695283,-73.7828568655674,40.7199663302098,-73.7308945452723,0.00109999999999999,0,2020.20893125682,2020.21003125682,141200000
7,1,0.0502215847,40.6403578524973,-73.7761691610449,40.6242958287709,-74.0398377559007,0.0506315847,0.000409999999999994,2020.20934125682,2020.25956284152,141200000
7,2,0.1376532787,40.6403578524973,-73.7761691610449,40.6778243198708,-74.0035962823457,0.1380632787,0.000409999999999994,2020.20934125682,2020.34699453552,141200000
8,5,0.02494142077,40.7199663302098,-73.7308945452723,40.7505756015527,-73.6497131762703,0.02604142077,0.00109999999999999,2020.21003125682,2020.23497267759,141200000
8,9,0.03856,40.7199663302098,-73.7308945452723,40.610547528293,-74.0627615695265,0.03966,0.00109999999999999,2020.21003125682,2020.24859125682,141200000
9,3,0.01370382514,40.610547528293,-74.0627615695265,40.6362120050425,-74.0107254071118,0.05336382514,0.03966,2020.24859125682,2020.26229508196,141200000
9,4,0.01370382514,40.610547528293,-74.0627615695265,40.6330843995128,-74.0387825769749,0.05336382514,0.03966,2020.24859125682,2020.26229508196,141200000
