node1,node2,length,startLat,startLon,endLat,endLon,endNodeL,startNodeL,startYear,endYear,treeID
6,7,0.000409999999999994,40.7460346506937,-73.8481133538947,40.7589542661022,-73.8821673025072,0.000409999999999994,0,2020.20893125682,2020.20934125682,78000000
6,8,0.00109999999999999,40.7460346506937,-73.8481133538947,40.7578123768181,-74.6571525742358,0.00109999999999999,0,2020.20893125682,2020.21003125682,78000000
7,1,0.0502215847,40.7589542661022,-73.8821673025072,40.6242958287709,-74.0398377559007,0.0506315847,0.000409999999999994,2020.20934125682,2020.25956284152,78000000
7,2,0.1376532787,40.7589542661022,-73.8821673025072,40.6778243198708,-74.0035962823457,0.1380632787,0.000409999999999994,2020.20934125682,2020.34699453552,78000000
8,5,0.02494142077,40.7578123768181,-74.6571525742358,40.7505756015527,-73.6497131762703,0.02604142077,0.00109999999999999,2020.21003125682,2020.23497267759,78000000
8,9,0.03856,40.7578123768181,-74.6571525742358,40.6778075149158,-74.1193310976671,0.03966,0.00109999999999999,2020.21003125682,2020.24859125682,78000000
9,3,0.01370382514,40.6778075149158,-74.1193310976671,40.6362120050425,-74.0107254071118,0.05336382514,0.03966,2020.24859125682,2020.26229508196,78000000
9,4,0.01370382514,40.6778075149158,-74.1193310976671,40.6330843995128,-74.0387825769749,0.05336382514,0.03966,2020.24859125682,2020.26229508196,78000000
