node1,node2,length,startLat,startLon,endLat,endLon,endNodeL,startNodeL,startYear,endYear,treeID
6,7,0.000409999999999994,40.4742744931686,-73.9823484079741,40.4696103627804,-74.0013257920068,0.000409999999999994,0,2020.20893125682,2020.20934125682,408000000
6,8,0.00109999999999999,40.4742744931686,-73.9823484079741,40.538427078263,-73.8748763920624,0.00109999999999999,0,2020.20893125682,2020.21003125682,408000000
7,1,0.0502215847,40.4696103627804,-74.0013257920068,40.6242958287709,-74.0398377559007,0.0506315847,0.000409999999999994,2020.20934125682,2020.25956284152,408000000
7,2,0.1376532787,40.4696103627804,-74.0013257920068,40.6778243198708,-74.0035962823457,0.1380632787,0.000409999999999994,2020.20934125682,2020.34699453552,408000000
8,5,0.02494142077,40.538427078263,-73.8748763920624,40.7505756015527,-73.6497131762703,0.02604142077,0.00109999999999999,2020.21003125682,2020.23497267759,408000000
8,9,0.03856,40.538427078263,-73.8748763920624,40.5450381419394,-73.9243470369168,0.03966,0.00109999999999999,2020.21003125682,2020.24859125682,408000000
9,3,0.01370382514,40.5450381419394,-73.9243470369168,40.6362120050425,-74.0107254071118,0.05336382514,0.03966,2020.24859125682,2020.26229508196,408000000
9,4,0.01370382514,40.5450381419394,-73.9243470369168,40.6330843995128,-74.0387825769749,0.05336382514,0.03966,2020.24859125682,2020.26229508196,408000000
