node1,node2,length,startLat,startLon,endLat,endLon,endNodeL,startNodeL,startYear,endYear,treeID
6,7,0.000409999999999994,40.5602802531415,-74.0280186239092,40.5542799190864,-74.0290789169215,0.000409999999999994,0,2020.20893125682,2020.20934125682,415200000
6,8,0.00109999999999999,40.5602802531415,-74.0280186239092,40.7151825253403,-74.0266977597118,0.00109999999999999,0,2020.20893125682,2020.21003125682,415200000
7,1,0.0502215847,40.5542799190864,-74.0290789169215,40.6242958287709,-74.0398377559007,0.0506315847,0.000409999999999994,2020.20934125682,2020.25956284152,415200000
7,2,0.1376532787,40.5542799190864,-74.0290789169215,40.6778243198708,-74.0035962823457,0.1380632787,0.000409999999999994,2020.20934125682,2020.34699453552,415200000
8,5,0.02494142077,40.7151825253403,-74.0266977597118,40.7505756015527,-73.6497131762703,0.02604142077,0.00109999999999999,2020.21003125682,2020.23497267759,415200000
8,9,0.03856,40.7151825253403,-74.0266977597118,40.6748676836897,-74.0729884464781,0.03966,0.00109999999999999,2020.21003125682,2020.24859125682,415200000
9,3,0.01370382514,40.6748676836897,-74.0729884464781,40.6362120050425,-74.0107254071118,0.05336382514,0.03966,2020.24859125682,2020.26229508196,415200000
9,4,0.01370382514,40.6748676836897,-74.0729884464781,40.6330843995128,-74.0387825769749,0.05336382514,0.03966,2020.24859125682,2020.26229508196,415200000
