node1,node2,length,startLat,startLon,endLat,endLon,endNodeL,startNodeL,startYear,endYear,treeID
6,7,0.000409999999999994,40.7074140071647,-74.0076417009565,40.6977905602683,-74.0081683089356,0.000409999999999994,0,2020.20893125682,2020.20934125682,74800000
6,8,0.00109999999999999,40.7074140071647,-74.0076417009565,40.7071115672094,-73.979572739245,0.00109999999999999,0,2020.20893125682,2020.21003125682,74800000
7,1,0.0502215847,40.6977905602683,-74.0081683089356,40.6242958287709,-74.0398377559007,0.0506315847,0.000409999999999994,2020.20934125682,2020.25956284152,74800000
7,2,0.1376532787,40.6977905602683,-74.0081683089356,40.6778243198708,-74.0035962823457,0.1380632787,0.000409999999999994,2020.20934125682,2020.34699453552,74800000
8,5,0.02494142077,40.7071115672094,-73.979572739245,40.7505756015527,-73.6497131762703,0.02604142077,0.00109999999999999,2020.21003125682,2020.23497267759,74800000
8,9,0.03856,40.7071115672094,-73.979572739245,40.6259764946191,-74.004147371237,0.03966,0.00109999999999999,2020.21003125682,2020.24859125682,74800000
9,3,0.01370382514,40.6259764946191,-74.004147371237,40.6362120050425,-74.0107254071118,0.05336382514,0.03966,2020.24859125682,2020.26229508196,74800000
9,4,0.01370382514,40.6259764946191,-74.004147371237,40.6330843995128,-74.0387825769749,0.05336382514,0.03966,2020.24859125682,2020.26229508196,74800000
