node1,node2,length,startLat,startLon,endLat,endLon,endNodeL,startNodeL,startYear,endYear,treeID
4,3,0.04950262295,41.1451354431902,-74.0457754346799,40.6468341453894,-73.9198116136505,0.04950262295,0,2020.19913125683,2020.24863387978,364800000
4,5,0.01057,41.1451354431902,-74.0457754346799,40.7816781656312,-73.9115422096505,0.01057,0,2020.19913125683,2020.20970125683,364800000
5,1,0.03893262295,40.7816781656312,-73.9115422096505,40.8773561357601,-73.8889272479387,0.04950262295,0.01057,2020.20970125683,2020.24863387978,364800000
5,2,0.0717195082,40.7816781656312,-73.9115422096505,40.7592266146053,-73.8717029545519,0.0822895082,0.01057,2020.20970125683,2020.28142076503,364800000
