node1,node2,length,startLat,startLon,endLat,endLon,endNodeL,startNodeL,startYear,endYear,treeID
4,3,0.04950262295,40.7269621041995,-73.8766194800192,40.6468341453894,-73.9198116136505,0.04950262295,0,2020.19913125683,2020.24863387978,247600000
4,5,0.01057,40.7269621041995,-73.8766194800192,40.7561105066826,-73.9195032823097,0.01057,0,2020.19913125683,2020.20970125683,247600000
5,1,0.03893262295,40.7561105066826,-73.9195032823097,40.8773561357601,-73.8889272479387,0.04950262295,0.01057,2020.20970125683,2020.24863387978,247600000
5,2,0.0717195082,40.7561105066826,-73.9195032823097,40.7592266146053,-73.8717029545519,0.0822895082,0.01057,2020.20970125683,2020.28142076503,247600000
