node1,node2,length,startLat,startLon,endLat,endLon,endNodeL,startNodeL,startYear,endYear,treeID
5,6,4.70672620000029e-05,40.7140860267407,-73.9309230368391,40.711205920132,-73.9242360156893,4.70672620000029e-05,0,2020.20563418957,2020.20568125683,114400000
5,7,0.04282706726,40.7140860267407,-73.9309230368391,40.7672529589285,-73.6705012575241,0.04282706726,0,2020.20563418957,2020.24846125683,114400000
6,1,0.04295262295,40.711205920132,-73.9242360156893,40.7933569322744,-73.9458025738764,0.042999690212,4.70672620000029e-05,2020.20568125683,2020.24863387978,114400000
6,2,0.04295262295,40.711205920132,-73.9242360156893,40.5853824416312,-73.9013095027236,0.042999690212,4.70672620000029e-05,2020.20568125683,2020.24863387978,114400000
7,3,0.03842398907,40.7672529589285,-73.6705012575241,40.7469221836142,-73.6310132862788,0.08125105633,0.04282706726,2020.24846125683,2020.2868852459,114400000
7,4,0.05481743169,40.7672529589285,-73.6705012575241,40.7411907032831,-73.6381050152815,0.09764449895,0.04282706726,2020.24846125683,2020.30327868852,114400000
