node1,node2,length,startLat,startLon,endLat,endLon,endNodeL,startNodeL,startYear,endYear,treeID
5,6,4.70672620000029e-05,40.7566750354279,-74.0499330701243,40.7526663285867,-74.0575000213599,4.70672620000029e-05,0,2020.20563418957,2020.20568125683,231200000
5,7,0.04282706726,40.7566750354279,-74.0499330701243,41.0951607909322,-73.6902425226906,0.04282706726,0,2020.20563418957,2020.24846125683,231200000
6,1,0.04295262295,40.7526663285867,-74.0575000213599,40.7933569322744,-73.9458025738764,0.042999690212,4.70672620000029e-05,2020.20568125683,2020.24863387978,231200000
6,2,0.04295262295,40.7526663285867,-74.0575000213599,40.5853824416312,-73.9013095027236,0.042999690212,4.70672620000029e-05,2020.20568125683,2020.24863387978,231200000
7,3,0.03842398907,41.0951607909322,-73.6902425226906,40.7469221836142,-73.6310132862788,0.08125105633,0.04282706726,2020.24846125683,2020.2868852459,231200000
7,4,0.05481743169,41.0951607909322,-73.6902425226906,40.7411907032831,-73.6381050152815,0.09764449895,0.04282706726,2020.24846125683,2020.30327868852,231200000
