node1,node2,length,startLat,startLon,endLat,endLon,endNodeL,startNodeL,startYear,endYear,treeID
4,3,0.04950262295,41.1397406030382,-73.7764169214394,40.6468341453894,-73.9198116136505,0.04950262295,0,2020.19913125683,2020.24863387978,242400000
4,5,0.01057,41.1397406030382,-73.7764169214394,41.1411488595629,-73.5690314458669,0.01057,0,2020.19913125683,2020.20970125683,242400000
5,1,0.03893262295,41.1411488595629,-73.5690314458669,40.8773561357601,-73.8889272479387,0.04950262295,0.01057,2020.20970125683,2020.24863387978,242400000
5,2,0.0717195082,41.1411488595629,-73.5690314458669,40.7592266146053,-73.8717029545519,0.0822895082,0.01057,2020.20970125683,2020.28142076503,242400000
