node1,node2,length,startLat,startLon,endLat,endLon,endNodeL,startNodeL,startYear,endYear,treeID
4,3,0.04950262295,40.4176799155337,-74.1881569040862,40.6468341453894,-73.9198116136505,0.04950262295,0,2020.19913125683,2020.24863387978,200000000
4,5,0.01057,40.4176799155337,-74.1881569040862,40.2356798970039,-74.336938299199,0.01057,0,2020.19913125683,2020.20970125683,200000000
5,1,0.03893262295,40.2356798970039,-74.336938299199,40.8773561357601,-73.8889272479387,0.04950262295,0.01057,2020.20970125683,2020.24863387978,200000000
5,2,0.0717195082,40.2356798970039,-74.336938299199,40.7592266146053,-73.8717029545519,0.0822895082,0.01057,2020.20970125683,2020.28142076503,200000000
