node1,node2,length,startLat,startLon,endLat,endLon,endNodeL,startNodeL,startYear,endYear,treeID
4,3,0.04950262295,40.7541864678721,-74.0145149450948,40.6468341453894,-73.9198116136505,0.04950262295,0,2020.19913125683,2020.24863387978,182400000
4,5,0.01057,40.7541864678721,-74.0145149450948,40.906824405351,-74.0494659821098,0.01057,0,2020.19913125683,2020.20970125683,182400000
5,1,0.03893262295,40.906824405351,-74.0494659821098,40.8773561357601,-73.8889272479387,0.04950262295,0.01057,2020.20970125683,2020.24863387978,182400000
5,2,0.0717195082,40.906824405351,-74.0494659821098,40.7592266146053,-73.8717029545519,0.0822895082,0.01057,2020.20970125683,2020.28142076503,182400000
