node1,node2,length,startLat,startLon,endLat,endLon,endNodeL,startNodeL,startYear,endYear,treeID
4,3,0.04950262295,40.6461149655204,-73.9546701068321,40.6468341453894,-73.9198116136505,0.04950262295,0,2020.19913125683,2020.24863387978,87600000
4,5,0.01057,40.6461149655204,-73.9546701068321,40.6833244363719,-73.9799194050354,0.01057,0,2020.19913125683,2020.20970125683,87600000
5,1,0.03893262295,40.6833244363719,-73.9799194050354,40.8773561357601,-73.8889272479387,0.04950262295,0.01057,2020.20970125683,2020.24863387978,87600000
5,2,0.0717195082,40.6833244363719,-73.9799194050354,40.7592266146053,-73.8717029545519,0.0822895082,0.01057,2020.20970125683,2020.28142076503,87600000
