node1,node2,length,startLat,startLon,endLat,endLon,endNodeL,startNodeL,startYear,endYear,treeID
4,3,0.005771256831,40.7220091723318,-74.0754875717569,40.591825798551,-73.7994838371471,0.005771256831,0,2020.20461125683,2020.21038251366,242400000
4,5,0.01394,40.7220091723318,-74.0754875717569,40.5709505242712,-74.0741492170359,0.01394,0,2020.20461125683,2020.21855125683,242400000
5,1,0.02461814208,40.5709505242712,-74.0741492170359,40.6219454244052,-74.0275421735791,0.03855814208,0.01394,2020.21855125683,2020.24316939891,242400000
5,2,2.79781420999964e-05,40.5709505242712,-74.0741492170359,40.6423090743195,-74.0137969847641,0.0139679781421,0.01394,2020.21855125683,2020.21857923497,242400000
