node1,node2,length,startLat,startLon,endLat,endLon,endNodeL,startNodeL,startYear,endYear,treeID
4,3,0.005771256831,40.6052867856885,-74.1795238343182,40.591825798551,-73.7994838371471,0.005771256831,0,2020.20461125683,2020.21038251366,227600000
4,5,0.01394,40.6052867856885,-74.1795238343182,40.6375986012951,-74.0442004634614,0.01394,0,2020.20461125683,2020.21855125683,227600000
5,1,0.02461814208,40.6375986012951,-74.0442004634614,40.6219454244052,-74.0275421735791,0.03855814208,0.01394,2020.21855125683,2020.24316939891,227600000
5,2,2.79781420999964e-05,40.6375986012951,-74.0442004634614,40.6423090743195,-74.0137969847641,0.0139679781421,0.01394,2020.21855125683,2020.21857923497,227600000
