node1,node2,length,startLat,startLon,endLat,endLon,endNodeL,startNodeL,startYear,endYear,treeID
4,3,0.005771256831,40.9514232527468,-73.8972480454964,40.591825798551,-73.7994838371471,0.005771256831,0,2020.20461125683,2020.21038251366,250400000
4,5,0.01394,40.9514232527468,-73.8972480454964,40.6684736130567,-74.0126378951162,0.01394,0,2020.20461125683,2020.21855125683,250400000
5,1,0.02461814208,40.6684736130567,-74.0126378951162,40.6219454244052,-74.0275421735791,0.03855814208,0.01394,2020.21855125683,2020.24316939891,250400000
5,2,2.79781420999964e-05,40.6684736130567,-74.0126378951162,40.6423090743195,-74.0137969847641,0.0139679781421,0.01394,2020.21855125683,2020.21857923497,250400000
