node1,node2,length,startLat,startLon,endLat,endLon,endNodeL,startNodeL,startYear,endYear,treeID
4,1,0.0493215847,40.7414646016281,-73.6105920758291,40.632529852403,-73.9940608236117,0.0493215847,0,2020.21024125683,2020.25956284153,176400000
4,5,0.03243,40.7414646016281,-73.6105920758291,41.0329333020707,-72.611375417629,0.03243,0,2020.21024125683,2020.24267125683,176400000
5,2,0.005962622951,41.0329333020707,-72.611375417629,40.7944987262352,-73.369154973768,0.038392622951,0.03243,2020.24267125683,2020.24863387978,176400000
5,3,0.02235606557,41.0329333020707,-72.611375417629,40.7588112948394,-73.8707744699924,0.05478606557,0.03243,2020.24267125683,2020.2650273224,176400000
