node1,node2,length,startLat,startLon,endLat,endLon,endNodeL,startNodeL,startYear,endYear,treeID
4,1,0.03408243956,40.7372995542417,-74.0975164917869,42.4519070343701,-74.2612295999261,0.03408243956,0,2020.20635471891,2020.24043715847,72000000
4,5,0.00402653792,40.7372995542417,-74.0975164917869,40.6043787686461,-74.0434308903069,0.00402653792,0,2020.20635471891,2020.21038125683,72000000
5,2,1.2568307219997e-06,40.6043787686461,-74.0434308903069,40.7749790896881,-73.9462976477931,0.004027794750722,0.00402653792,2020.21038125683,2020.21038251366,72000000
5,3,1.2568307219997e-06,40.6043787686461,-74.0434308903069,40.6156225968122,-74.0367935917946,0.004027794750722,0.00402653792,2020.21038125683,2020.21038251366,72000000
