node1,node2,length,startLat,startLon,endLat,endLon,endNodeL,startNodeL,startYear,endYear,treeID
4,1,0.03408243956,40.6154253617182,-73.9891212038423,42.4519070343701,-74.2612295999261,0.03408243956,0,2020.20635471891,2020.24043715847,150800000
4,5,0.00402653792,40.6154253617182,-73.9891212038423,40.7837415013431,-73.9509123346063,0.00402653792,0,2020.20635471891,2020.21038125683,150800000
5,2,1.2568307219997e-06,40.7837415013431,-73.9509123346063,40.7749790896881,-73.9462976477931,0.004027794750722,0.00402653792,2020.21038125683,2020.21038251366,150800000
5,3,1.2568307219997e-06,40.7837415013431,-73.9509123346063,40.6156225968122,-74.0367935917946,0.004027794750722,0.00402653792,2020.21038125683,2020.21038251366,150800000
