node1,node2,length,startLat,startLon,endLat,endLon,endNodeL,startNodeL,startYear,endYear,treeID
4,1,0.03408243956,41.7405996486754,-75.6637753797742,42.4519070343701,-74.2612295999261,0.03408243956,0,2020.20635471891,2020.24043715847,53200000
4,5,0.00402653792,41.7405996486754,-75.6637753797742,40.7823049874911,-73.9595635346661,0.00402653792,0,2020.20635471891,2020.21038125683,53200000
5,2,1.2568307219997e-06,40.7823049874911,-73.9595635346661,40.7749790896881,-73.9462976477931,0.004027794750722,0.00402653792,2020.21038125683,2020.21038251366,53200000
5,3,1.2568307219997e-06,40.7823049874911,-73.9595635346661,40.6156225968122,-74.0367935917946,0.004027794750722,0.00402653792,2020.21038125683,2020.21038251366,53200000
