node1,node2,length,startLat,startLon,endLat,endLon,endNodeL,startNodeL,startYear,endYear,treeID
4,1,0.0493215847,41.3444083475275,-73.3821202928291,40.632529852403,-73.9940608236117,0.0493215847,0,2020.21024125683,2020.25956284153,56400000
4,5,0.03243,41.3444083475275,-73.3821202928291,40.9562528481649,-73.303723127696,0.03243,0,2020.21024125683,2020.24267125683,56400000
5,2,0.005962622951,40.9562528481649,-73.303723127696,40.7944987262352,-73.369154973768,0.038392622951,0.03243,2020.24267125683,2020.24863387978,56400000
5,3,0.02235606557,40.9562528481649,-73.303723127696,40.7588112948394,-73.8707744699924,0.05478606557,0.03243,2020.24267125683,2020.2650273224,56400000
