node1,node2,length,startLat,startLon,endLat,endLon,endNodeL,startNodeL,startYear,endYear,treeID
4,1,0.0493215847,41.0568560244164,-73.5427587987939,40.632529852403,-73.9940608236117,0.0493215847,0,2020.21024125683,2020.25956284153,250400000
4,5,0.03243,41.0568560244164,-73.5427587987939,40.4372849196156,-73.6356476841096,0.03243,0,2020.21024125683,2020.24267125683,250400000
5,2,0.005962622951,40.4372849196156,-73.6356476841096,40.7944987262352,-73.369154973768,0.038392622951,0.03243,2020.24267125683,2020.24863387978,250400000
5,3,0.02235606557,40.4372849196156,-73.6356476841096,40.7588112948394,-73.8707744699924,0.05478606557,0.03243,2020.24267125683,2020.2650273224,250400000
