node1,node2,length,startLat,startLon,endLat,endLon,endNodeL,startNodeL,startYear,endYear,treeID
4,1,0.0493215847,41.0094035410695,-73.4975783002518,40.632529852403,-73.9940608236117,0.0493215847,0,2020.21024125683,2020.25956284153,136000000
4,5,0.03243,41.0094035410695,-73.4975783002518,40.7096022289284,-73.3177277089338,0.03243,0,2020.21024125683,2020.24267125683,136000000
5,2,0.005962622951,40.7096022289284,-73.3177277089338,40.7944987262352,-73.369154973768,0.038392622951,0.03243,2020.24267125683,2020.24863387978,136000000
5,3,0.02235606557,40.7096022289284,-73.3177277089338,40.7588112948394,-73.8707744699924,0.05478606557,0.03243,2020.24267125683,2020.2650273224,136000000
