node1,node2,length,startLat,startLon,endLat,endLon,endNodeL,startNodeL,startYear,endYear,treeID
4,1,0.0493215847,40.5125250790425,-73.5683962577171,40.632529852403,-73.9940608236117,0.0493215847,0,2020.21024125683,2020.25956284153,68000000
4,5,0.03243,40.5125250790425,-73.5683962577171,40.836908864181,-73.7106402359485,0.03243,0,2020.21024125683,2020.24267125683,68000000
5,2,0.005962622951,40.836908864181,-73.7106402359485,40.7944987262352,-73.369154973768,0.038392622951,0.03243,2020.24267125683,2020.24863387978,68000000
5,3,0.02235606557,40.836908864181,-73.7106402359485,40.7588112948394,-73.8707744699924,0.05478606557,0.03243,2020.24267125683,2020.2650273224,68000000
