node1,node2,length,startLat,startLon,endLat,endLon,endNodeL,startNodeL,startYear,endYear,treeID
4,1,0.0493215847,40.7200151178576,-73.9180112169155,40.632529852403,-73.9940608236117,0.0493215847,0,2020.21024125683,2020.25956284153,131200000
4,5,0.03243,40.7200151178576,-73.9180112169155,40.5437196775721,-73.6160835330917,0.03243,0,2020.21024125683,2020.24267125683,131200000
5,2,0.005962622951,40.5437196775721,-73.6160835330917,40.7944987262352,-73.369154973768,0.038392622951,0.03243,2020.24267125683,2020.24863387978,131200000
5,3,0.02235606557,40.5437196775721,-73.6160835330917,40.7588112948394,-73.8707744699924,0.05478606557,0.03243,2020.24267125683,2020.2650273224,131200000
