node1,node2,length,startLat,startLon,endLat,endLon,endNodeL,startNodeL,startYear,endYear,treeID
7,8,0.04549,40.5744288892545,-73.8149230563919,40.6572512331125,-74.0004723694895,0.04549,0,2020.19767125683,2020.24316125683,109600000
7,9,0.007742964183,40.5744288892545,-73.8149230563919,40.5387379379175,-73.834912703478,0.007742964183,0,2020.19767125683,2020.20541422101,109600000
8,1,0.01093710383,40.6572512331125,-74.0004723694895,40.7183414087368,-73.8567322988419,0.05642710383,0.04549,2020.24316125683,2020.25409836066,109600000
8,2,8.14207668999728e-06,40.6572512331125,-74.0004723694895,40.6584644218149,-73.9979595387002,0.04549814207669,0.04549,2020.24316125683,2020.2431693989,109600000
9,10,0.00593586999,40.5387379379175,-73.834912703478,40.5715959172555,-73.907470538607,0.013678834173,0.007742964183,2020.20541422101,2020.211350091,109600000
9,11,0.00307703581699999,40.5387379379175,-73.834912703478,40.711902778355,-73.6735417531164,0.01082,0.007742964183,2020.20541422101,2020.20849125683,109600000
10,3,0.05640947184,40.5715959172555,-73.907470538607,40.6038217102242,-74.006602484704,0.070088306013,0.013678834173,2020.211350091,2020.26775956284,109600000
10,4,0.004496903531,40.5715959172555,-73.907470538607,40.6338778330399,-73.989385120239,0.018175737704,0.013678834173,2020.211350091,2020.21584699453,109600000
11,5,0.04014262295,40.711902778355,-73.6735417531164,40.6853115520565,-73.9917997631599,0.05096262295,0.01082,2020.20849125683,2020.24863387978,109600000
11,6,0.00189125683100001,40.711902778355,-73.6735417531164,40.7681554767277,-73.5639201937033,0.012711256831,0.01082,2020.20849125683,2020.21038251366,109600000
