node1,node2,length,startLat,startLon,endLat,endLon,endNodeL,startNodeL,startYear,endYear,treeID
4,1,0.04018262295,40.5977759559467,-73.8993653637328,40.7443013302515,-74.0074254734189,0.04018262295,0,2020.20845125683,2020.24863387978,334400000
4,5,0.000890000000000002,40.5977759559467,-73.8993653637328,41.0005154512277,-74.3753938992533,0.000890000000000002,0,2020.20845125683,2020.20934125683,334400000
5,2,0.01197021858,41.0005154512277,-74.3753938992533,40.7142243117123,-73.7035504693286,0.01286021858,0.000890000000000002,2020.20934125683,2020.22131147541,334400000
5,3,0.006505737705,41.0005154512277,-74.3753938992533,40.6907445665164,-74.0127881308189,0.007395737705,0.000890000000000002,2020.20934125683,2020.21584699454,334400000
