node1,node2,length,startLat,startLon,endLat,endLon,endNodeL,startNodeL,startYear,endYear,treeID
4,1,0.04018262295,40.8704927790001,-73.8205483989418,40.7443013302515,-74.0074254734189,0.04018262295,0,2020.20845125683,2020.24863387978,84400000
4,5,0.000890000000000002,40.8704927790001,-73.8205483989418,40.8285295821273,-73.9556276576292,0.000890000000000002,0,2020.20845125683,2020.20934125683,84400000
5,2,0.01197021858,40.8285295821273,-73.9556276576292,40.7142243117123,-73.7035504693286,0.01286021858,0.000890000000000002,2020.20934125683,2020.22131147541,84400000
5,3,0.006505737705,40.8285295821273,-73.9556276576292,40.6907445665164,-74.0127881308189,0.007395737705,0.000890000000000002,2020.20934125683,2020.21584699454,84400000
