node1,node2,length,startLat,startLon,endLat,endLon,endNodeL,startNodeL,startYear,endYear,treeID
4,1,0.04018262295,40.4873254468276,-73.5974808861661,40.7443013302515,-74.0074254734189,0.04018262295,0,2020.20845125683,2020.24863387978,248000000
4,5,0.000890000000000002,40.4873254468276,-73.5974808861661,40.6191703094353,-73.6795460461887,0.000890000000000002,0,2020.20845125683,2020.20934125683,248000000
5,2,0.01197021858,40.6191703094353,-73.6795460461887,40.7142243117123,-73.7035504693286,0.01286021858,0.000890000000000002,2020.20934125683,2020.22131147541,248000000
5,3,0.006505737705,40.6191703094353,-73.6795460461887,40.6907445665164,-74.0127881308189,0.007395737705,0.000890000000000002,2020.20934125683,2020.21584699454,248000000
