node1,node2,length,startLat,startLon,endLat,endLon,endNodeL,startNodeL,startYear,endYear,treeID
5,1,0.03936587347,40.7899122360049,-74.1322192107824,40.7438619164864,-74.0053393763423,0.03936587347,0,2020.20926800631,2020.24863387978,183200000
5,6,6.32505180999943e-05,40.7899122360049,-74.1322192107824,40.7847703336459,-74.1297525209234,6.32505180999943e-05,0,2020.20926800631,2020.20933125683,183200000
6,2,0.04476710383,40.7847703336459,-74.1297525209234,40.766855774873,-73.8943709968106,0.0448303543481,6.32505180999943e-05,2020.20933125683,2020.25409836066,183200000
6,7,0.03381,40.7847703336459,-74.1297525209234,40.7027629714532,-73.8635037153332,0.0338732505181,6.32505180999943e-05,2020.20933125683,2020.24314125683,183200000
7,3,0.002760382514,40.7027629714532,-73.8635037153332,40.7374051436276,-73.7754230232673,0.0366336330321,0.0338732505181,2020.24314125683,2020.24590163934,183200000
7,4,0.04374398907,40.7027629714532,-73.8635037153332,40.8721365568143,-73.9279715898073,0.0776172395881,0.0338732505181,2020.24314125683,2020.2868852459,183200000
