node1,node2,length,startLat,startLon,endLat,endLon,endNodeL,startNodeL,startYear,endYear,treeID
5,1,0.03936587347,40.7300260134959,-74.0261842071113,40.7438619164864,-74.0053393763423,0.03936587347,0,2020.20926800631,2020.24863387978,139200000
5,6,6.32505180999943e-05,40.7300260134959,-74.0261842071113,40.7996086175952,-73.9103724944131,6.32505180999943e-05,0,2020.20926800631,2020.20933125683,139200000
6,2,0.04476710383,40.7996086175952,-73.9103724944131,40.766855774873,-73.8943709968106,0.0448303543481,6.32505180999943e-05,2020.20933125683,2020.25409836066,139200000
6,7,0.03381,40.7996086175952,-73.9103724944131,40.7344603752114,-73.9584299359015,0.0338732505181,6.32505180999943e-05,2020.20933125683,2020.24314125683,139200000
7,3,0.002760382514,40.7344603752114,-73.9584299359015,40.7374051436276,-73.7754230232673,0.0366336330321,0.0338732505181,2020.24314125683,2020.24590163934,139200000
7,4,0.04374398907,40.7344603752114,-73.9584299359015,40.8721365568143,-73.9279715898073,0.0776172395881,0.0338732505181,2020.24314125683,2020.2868852459,139200000
