node1,node2,length,startLat,startLon,endLat,endLon,endNodeL,startNodeL,startYear,endYear,treeID
5,1,0.03936587347,40.5415215457297,-73.5497574771575,40.7438619164864,-74.0053393763423,0.03936587347,0,2020.20926800631,2020.24863387978,363200000
5,6,6.32505180999943e-05,40.5415215457297,-73.5497574771575,40.5361021251864,-73.5354859757357,6.32505180999943e-05,0,2020.20926800631,2020.20933125683,363200000
6,2,0.04476710383,40.5361021251864,-73.5354859757357,40.766855774873,-73.8943709968106,0.0448303543481,6.32505180999943e-05,2020.20933125683,2020.25409836066,363200000
6,7,0.03381,40.5361021251864,-73.5354859757357,40.7155431990568,-73.8226888727108,0.0338732505181,6.32505180999943e-05,2020.20933125683,2020.24314125683,363200000
7,3,0.002760382514,40.7155431990568,-73.8226888727108,40.7374051436276,-73.7754230232673,0.0366336330321,0.0338732505181,2020.24314125683,2020.24590163934,363200000
7,4,0.04374398907,40.7155431990568,-73.8226888727108,40.8721365568143,-73.9279715898073,0.0776172395881,0.0338732505181,2020.24314125683,2020.2868852459,363200000
