node1,node2,length,startLat,startLon,endLat,endLon,endNodeL,startNodeL,startYear,endYear,treeID
5,1,0.03936587347,40.6914164784367,-73.9807225762888,40.7438619164864,-74.0053393763423,0.03936587347,0,2020.20926800631,2020.24863387978,186400000
5,6,6.32505180999943e-05,40.6914164784367,-73.9807225762888,40.6870208943316,-73.9842237824748,6.32505180999943e-05,0,2020.20926800631,2020.20933125683,186400000
6,2,0.04476710383,40.6870208943316,-73.9842237824748,40.766855774873,-73.8943709968106,0.0448303543481,6.32505180999943e-05,2020.20933125683,2020.25409836066,186400000
6,7,0.03381,40.6870208943316,-73.9842237824748,40.799408829557,-73.8387247212688,0.0338732505181,6.32505180999943e-05,2020.20933125683,2020.24314125683,186400000
7,3,0.002760382514,40.799408829557,-73.8387247212688,40.7374051436276,-73.7754230232673,0.0366336330321,0.0338732505181,2020.24314125683,2020.24590163934,186400000
7,4,0.04374398907,40.799408829557,-73.8387247212688,40.8721365568143,-73.9279715898073,0.0776172395881,0.0338732505181,2020.24314125683,2020.2868852459,186400000
