node1,node2,length,startLat,startLon,endLat,endLon,endNodeL,startNodeL,startYear,endYear,treeID
4,1,0.02976142077,40.9745261182041,-73.9883209321778,40.7167095477191,-73.719474875543,0.02976142077,0,2020.20521125683,2020.2349726776,289200000
4,5,0.03743,40.9745261182041,-73.9883209321778,40.8311412072027,-73.9644140366638,0.03743,0,2020.20521125683,2020.24264125683,289200000
5,2,0.01145710383,40.8311412072027,-73.9644140366638,40.7252814784632,-73.9753911758932,0.04888710383,0.03743,2020.24264125683,2020.25409836066,289200000
5,3,0.01145710383,40.8311412072027,-73.9644140366638,40.7211552685602,-73.8832756953281,0.04888710383,0.03743,2020.24264125683,2020.25409836066,289200000
