node1,node2,length,startLat,startLon,endLat,endLon,endNodeL,startNodeL,startYear,endYear,treeID
4,1,0.02976142077,40.9350571149,-73.5657416264279,40.7167095477191,-73.719474875543,0.02976142077,0,2020.20521125683,2020.2349726776,330400000
4,5,0.03743,40.9350571149,-73.5657416264279,40.9259398379996,-73.8670899209507,0.03743,0,2020.20521125683,2020.24264125683,330400000
5,2,0.01145710383,40.9259398379996,-73.8670899209507,40.7252814784632,-73.9753911758932,0.04888710383,0.03743,2020.24264125683,2020.25409836066,330400000
5,3,0.01145710383,40.9259398379996,-73.8670899209507,40.7211552685602,-73.8832756953281,0.04888710383,0.03743,2020.24264125683,2020.25409836066,330400000
