node1,node2,length,startLat,startLon,endLat,endLon,endNodeL,startNodeL,startYear,endYear,treeID
4,1,0.02976142077,40.7931354455436,-73.979457488695,40.7167095477191,-73.719474875543,0.02976142077,0,2020.20521125683,2020.2349726776,439200000
4,5,0.03743,40.7931354455436,-73.979457488695,40.708275781434,-73.9091248468248,0.03743,0,2020.20521125683,2020.24264125683,439200000
5,2,0.01145710383,40.708275781434,-73.9091248468248,40.7252814784632,-73.9753911758932,0.04888710383,0.03743,2020.24264125683,2020.25409836066,439200000
5,3,0.01145710383,40.708275781434,-73.9091248468248,40.7211552685602,-73.8832756953281,0.04888710383,0.03743,2020.24264125683,2020.25409836066,439200000
