node1,node2,length,startLat,startLon,endLat,endLon,endNodeL,startNodeL,startYear,endYear,treeID
9,10,0.00192,40.719699967379,-74.0676150355665,40.6961587592284,-73.9890486496684,0.00192,0,2020.20846125683,2020.21038125683,271600000
9,11,0.000919999999999997,40.719699967379,-74.0676150355665,40.7055247443782,-74.0503165118553,0.000919999999999997,0,2020.20846125683,2020.20938125683,271600000
10,1,1.25683072200317e-06,40.6961587592284,-73.9890486496684,40.7496762032903,-73.7730454119567,0.001921256830722,0.00192,2020.21038125683,2020.21038251366,271600000
10,2,1.25683072200317e-06,40.6961587592284,-73.9890486496684,40.6965454556227,-73.9920681089409,0.001921256830722,0.00192,2020.21038125683,2020.21038251366,271600000
11,12,0.03378,40.7055247443782,-74.0503165118553,40.7415525288195,-73.7261230780754,0.0347,0.000919999999999997,2020.20938125683,2020.24316125683,271600000
11,13,0.000900000000000005,40.7055247443782,-74.0503165118553,40.646798881781,-74.0403615665795,0.00182,0.000919999999999997,2020.20938125683,2020.21028125683,271600000
12,3,8.14207668999728e-06,40.7415525288195,-73.7261230780754,40.7416356211447,-73.7249178505861,0.03470814207669,0.0347,2020.24316125683,2020.24316939891,271600000
12,4,0.01913382514,40.7415525288195,-73.7261230780754,40.7393874457716,-73.3533840679926,0.05383382514,0.0347,2020.24316125683,2020.26229508197,271600000
13,5,0.04108486339,40.646798881781,-74.0403615665795,40.76532942508,-73.9243203032477,0.04290486339,0.00182,2020.21028125683,2020.25136612022,271600000
13,14,0.02901,40.646798881781,-74.0403615665795,40.647093430436,-73.9737850345452,0.03083,0.00182,2020.21028125683,2020.23929125683,271600000
14,6,0.003878142077,40.647093430436,-73.9737850345452,40.7065358471753,-74.0108437444305,0.034708142077,0.03083,2020.23929125683,2020.24316939891,271600000
14,15,0.00196,40.647093430436,-73.9737850345452,40.6601176841251,-74.0132692521149,0.03279,0.03083,2020.23929125683,2020.24125125683,271600000
15,7,0.02104382514,40.6601176841251,-74.0132692521149,40.6377077166428,-73.8975276231658,0.05383382514,0.03279,2020.24125125683,2020.26229508197,271600000
15,8,0.001918142077,40.6601176841251,-74.0132692521149,40.6986695864612,-73.9754097518893,0.034708142077,0.03279,2020.24125125683,2020.24316939891,271600000
