node1,node2,length,startLat,startLon,endLat,endLon,endNodeL,startNodeL,startYear,endYear,treeID
9,10,0.00192,40.7105527451021,-73.9830783870338,40.6953783370215,-73.9946544604207,0.00192,0,2020.20846125683,2020.21038125683,402800000
9,11,0.000919999999999997,40.7105527451021,-73.9830783870338,40.7258082976501,-74.0628077468844,0.000919999999999997,0,2020.20846125683,2020.20938125683,402800000
10,1,1.25683072200317e-06,40.6953783370215,-73.9946544604207,40.7496762032903,-73.7730454119567,0.001921256830722,0.00192,2020.21038125683,2020.21038251366,402800000
10,2,1.25683072200317e-06,40.6953783370215,-73.9946544604207,40.6965454556227,-73.9920681089409,0.001921256830722,0.00192,2020.21038125683,2020.21038251366,402800000
11,12,0.03378,40.7258082976501,-74.0628077468844,40.7696189331668,-73.8029444149338,0.0347,0.000919999999999997,2020.20938125683,2020.24316125683,402800000
11,13,0.000900000000000005,40.7258082976501,-74.0628077468844,40.6843288862472,-73.9111285237666,0.00182,0.000919999999999997,2020.20938125683,2020.21028125683,402800000
12,3,8.14207668999728e-06,40.7696189331668,-73.8029444149338,40.7416356211447,-73.7249178505861,0.03470814207669,0.0347,2020.24316125683,2020.24316939891,402800000
12,4,0.01913382514,40.7696189331668,-73.8029444149338,40.7393874457716,-73.3533840679926,0.05383382514,0.0347,2020.24316125683,2020.26229508197,402800000
13,5,0.04108486339,40.6843288862472,-73.9111285237666,40.76532942508,-73.9243203032477,0.04290486339,0.00182,2020.21028125683,2020.25136612022,402800000
13,14,0.02901,40.6843288862472,-73.9111285237666,40.6118359494849,-73.9816590039199,0.03083,0.00182,2020.21028125683,2020.23929125683,402800000
14,6,0.003878142077,40.6118359494849,-73.9816590039199,40.7065358471753,-74.0108437444305,0.034708142077,0.03083,2020.23929125683,2020.24316939891,402800000
14,15,0.00196,40.6118359494849,-73.9816590039199,40.668288940102,-73.9371475940314,0.03279,0.03083,2020.23929125683,2020.24125125683,402800000
15,7,0.02104382514,40.668288940102,-73.9371475940314,40.6377077166428,-73.8975276231658,0.05383382514,0.03279,2020.24125125683,2020.26229508197,402800000
15,8,0.001918142077,40.668288940102,-73.9371475940314,40.6986695864612,-73.9754097518893,0.034708142077,0.03279,2020.24125125683,2020.24316939891,402800000
