node1,node2,length,startLat,startLon,endLat,endLon,endNodeL,startNodeL,startYear,endYear,treeID
9,10,0.00192,40.7507555547233,-73.8173309211535,40.7497391941408,-73.7728132713879,0.00192,0,2020.20846125683,2020.21038125683,54400000
9,11,0.000919999999999997,40.7507555547233,-73.8173309211535,40.786217801541,-73.8481995779149,0.000919999999999997,0,2020.20846125683,2020.20938125683,54400000
10,1,1.25683072200317e-06,40.7497391941408,-73.7728132713879,40.7496762032903,-73.7730454119567,0.001921256830722,0.00192,2020.21038125683,2020.21038251366,54400000
10,2,1.25683072200317e-06,40.7497391941408,-73.7728132713879,40.6965454556227,-73.9920681089409,0.001921256830722,0.00192,2020.21038125683,2020.21038251366,54400000
11,12,0.03378,40.786217801541,-73.8481995779149,40.7407681804548,-73.7215499925838,0.0347,0.000919999999999997,2020.20938125683,2020.24316125683,54400000
11,13,0.000900000000000005,40.786217801541,-73.8481995779149,40.8528724387518,-73.8497553225227,0.00182,0.000919999999999997,2020.20938125683,2020.21028125683,54400000
12,3,8.14207668999728e-06,40.7407681804548,-73.7215499925838,40.7416356211447,-73.7249178505861,0.03470814207669,0.0347,2020.24316125683,2020.24316939891,54400000
12,4,0.01913382514,40.7407681804548,-73.7215499925838,40.7393874457716,-73.3533840679926,0.05383382514,0.0347,2020.24316125683,2020.26229508197,54400000
13,5,0.04108486339,40.8528724387518,-73.8497553225227,40.76532942508,-73.9243203032477,0.04290486339,0.00182,2020.21028125683,2020.25136612022,54400000
13,14,0.02901,40.8528724387518,-73.8497553225227,40.6895877356822,-73.9741396013275,0.03083,0.00182,2020.21028125683,2020.23929125683,54400000
14,6,0.003878142077,40.6895877356822,-73.9741396013275,40.7065358471753,-74.0108437444305,0.034708142077,0.03083,2020.23929125683,2020.24316939891,54400000
14,15,0.00196,40.6895877356822,-73.9741396013275,40.695144669908,-73.9595231396211,0.03279,0.03083,2020.23929125683,2020.24125125683,54400000
15,7,0.02104382514,40.695144669908,-73.9595231396211,40.6377077166428,-73.8975276231658,0.05383382514,0.03279,2020.24125125683,2020.26229508197,54400000
15,8,0.001918142077,40.695144669908,-73.9595231396211,40.6986695864612,-73.9754097518893,0.034708142077,0.03279,2020.24125125683,2020.24316939891,54400000
