node1,node2,length,startLat,startLon,endLat,endLon,endNodeL,startNodeL,startYear,endYear,treeID
9,10,0.00192,40.7693828928662,-73.8212083060976,40.746520628647,-73.7713598305704,0.00192,0,2020.20846125683,2020.21038125683,182000000
9,11,0.000919999999999997,40.7693828928662,-73.8212083060976,40.7601857915538,-73.903518409336,0.000919999999999997,0,2020.20846125683,2020.20938125683,182000000
10,1,1.25683072200317e-06,40.746520628647,-73.7713598305704,40.7496762032903,-73.7730454119567,0.001921256830722,0.00192,2020.21038125683,2020.21038251366,182000000
10,2,1.25683072200317e-06,40.746520628647,-73.7713598305704,40.6965454556227,-73.9920681089409,0.001921256830722,0.00192,2020.21038125683,2020.21038251366,182000000
11,12,0.03378,40.7601857915538,-73.903518409336,40.7429412306507,-73.7292097922874,0.0347,0.000919999999999997,2020.20938125683,2020.24316125683,182000000
11,13,0.000900000000000005,40.7601857915538,-73.903518409336,40.700901282719,-73.9129189646471,0.00182,0.000919999999999997,2020.20938125683,2020.21028125683,182000000
12,3,8.14207668999728e-06,40.7429412306507,-73.7292097922874,40.7416356211447,-73.7249178505861,0.03470814207669,0.0347,2020.24316125683,2020.24316939891,182000000
12,4,0.01913382514,40.7429412306507,-73.7292097922874,40.7393874457716,-73.3533840679926,0.05383382514,0.0347,2020.24316125683,2020.26229508197,182000000
13,5,0.04108486339,40.700901282719,-73.9129189646471,40.76532942508,-73.9243203032477,0.04290486339,0.00182,2020.21028125683,2020.25136612022,182000000
13,14,0.02901,40.700901282719,-73.9129189646471,40.5135192804815,-73.8993131091344,0.03083,0.00182,2020.21028125683,2020.23929125683,182000000
14,6,0.003878142077,40.5135192804815,-73.8993131091344,40.7065358471753,-74.0108437444305,0.034708142077,0.03083,2020.23929125683,2020.24316939891,182000000
14,15,0.00196,40.5135192804815,-73.8993131091344,40.7251056249501,-74.0188760839583,0.03279,0.03083,2020.23929125683,2020.24125125683,182000000
15,7,0.02104382514,40.7251056249501,-74.0188760839583,40.6377077166428,-73.8975276231658,0.05383382514,0.03279,2020.24125125683,2020.26229508197,182000000
15,8,0.001918142077,40.7251056249501,-74.0188760839583,40.6986695864612,-73.9754097518893,0.034708142077,0.03279,2020.24125125683,2020.24316939891,182000000
