node1,node2,length,startLat,startLon,endLat,endLon,endNodeL,startNodeL,startYear,endYear,treeID
9,10,0.00192,40.6698169778583,-74.0393541462007,40.6957964985851,-73.9952154597809,0.00192,0,2020.20846125683,2020.21038125683,247200000
9,11,0.000919999999999997,40.6698169778583,-74.0393541462007,40.5786509062552,-74.1684952039858,0.000919999999999997,0,2020.20846125683,2020.20938125683,247200000
10,1,1.25683072200317e-06,40.6957964985851,-73.9952154597809,40.7496762032903,-73.7730454119567,0.001921256830722,0.00192,2020.21038125683,2020.21038251366,247200000
10,2,1.25683072200317e-06,40.6957964985851,-73.9952154597809,40.6965454556227,-73.9920681089409,0.001921256830722,0.00192,2020.21038125683,2020.21038251366,247200000
11,12,0.03378,40.5786509062552,-74.1684952039858,40.7418059533816,-73.7257522622657,0.0347,0.000919999999999997,2020.20938125683,2020.24316125683,247200000
11,13,0.000900000000000005,40.5786509062552,-74.1684952039858,40.6000501976207,-74.1246139107175,0.00182,0.000919999999999997,2020.20938125683,2020.21028125683,247200000
12,3,8.14207668999728e-06,40.7418059533816,-73.7257522622657,40.7416356211447,-73.7249178505861,0.03470814207669,0.0347,2020.24316125683,2020.24316939891,247200000
12,4,0.01913382514,40.7418059533816,-73.7257522622657,40.7393874457716,-73.3533840679926,0.05383382514,0.0347,2020.24316125683,2020.26229508197,247200000
13,5,0.04108486339,40.6000501976207,-74.1246139107175,40.76532942508,-73.9243203032477,0.04290486339,0.00182,2020.21028125683,2020.25136612022,247200000
13,14,0.02901,40.6000501976207,-74.1246139107175,40.6042633958441,-74.2681312986577,0.03083,0.00182,2020.21028125683,2020.23929125683,247200000
14,6,0.003878142077,40.6042633958441,-74.2681312986577,40.7065358471753,-74.0108437444305,0.034708142077,0.03083,2020.23929125683,2020.24316939891,247200000
14,15,0.00196,40.6042633958441,-74.2681312986577,40.5209438160576,-74.3661651142976,0.03279,0.03083,2020.23929125683,2020.24125125683,247200000
15,7,0.02104382514,40.5209438160576,-74.3661651142976,40.6377077166428,-73.8975276231658,0.05383382514,0.03279,2020.24125125683,2020.26229508197,247200000
15,8,0.001918142077,40.5209438160576,-74.3661651142976,40.6986695864612,-73.9754097518893,0.034708142077,0.03279,2020.24125125683,2020.24316939891,247200000
