node1,node2,length,startLat,startLon,endLat,endLon,endNodeL,startNodeL,startYear,endYear,treeID
4,1,0.04018262295,40.6162080837718,-73.9782248240412,40.7443013302515,-74.0074254734189,0.04018262295,0,2020.20845125683,2020.24863387978,348800000
4,5,0.000890000000000002,40.6162080837718,-73.9782248240412,40.6424047354757,-73.9873508819318,0.000890000000000002,0,2020.20845125683,2020.20934125683,348800000
5,2,0.01197021858,40.6424047354757,-73.9873508819318,40.7142243117123,-73.7035504693286,0.01286021858,0.000890000000000002,2020.20934125683,2020.22131147541,348800000
5,3,0.006505737705,40.6424047354757,-73.9873508819318,40.6907445665164,-74.0127881308189,0.007395737705,0.000890000000000002,2020.20934125683,2020.21584699454,348800000
