node1,node2,length,startLat,startLon,endLat,endLon,endNodeL,startNodeL,startYear,endYear,treeID
4,1,0.002131256831,40.810296872884,-73.8657507521482,40.7364601935294,-74.003111311229,0.002131256831,0,2020.20825125683,2020.21038251366,100400000
4,5,0.0011,40.810296872884,-73.8657507521482,40.7990571767654,-73.8617772791732,0.0011,0,2020.20825125683,2020.20935125683,100400000
5,2,0.09665967213,40.7990571767654,-73.8617772791732,40.6991523363427,-73.6317017695909,0.09775967213,0.0011,2020.20935125683,2020.30601092896,100400000
5,3,0.03381814208,40.7990571767654,-73.8617772791732,40.7569274695772,-73.6137289874003,0.03491814208,0.0011,2020.20935125683,2020.24316939891,100400000
