node1,node2,length,startLat,startLon,endLat,endLon,endNodeL,startNodeL,startYear,endYear,treeID
4,1,0.02291918033,41.0441957064732,-74.306503903922,40.6096504240361,-73.7023245921313,0.02291918033,0,2020.20932125683,2020.23224043716,230400000
4,5,0.000230000000000001,41.0441957064732,-74.306503903922,41.1564601291718,-74.4273558298559,0.000230000000000001,0,2020.20932125683,2020.20955125683,230400000
5,2,0.03361814208,41.1564601291718,-74.4273558298559,40.6074880267473,-74.147372720747,0.03384814208,0.000230000000000001,2020.20955125683,2020.24316939891,230400000
5,3,0.04454710383,41.1564601291718,-74.4273558298559,40.6135154224055,-74.0365572879805,0.04477710383,0.000230000000000001,2020.20955125683,2020.25409836066,230400000
