node1,node2,length,startLat,startLon,endLat,endLon,endNodeL,startNodeL,startYear,endYear,treeID
4,1,0.02291918033,40.6942885536965,-74.3676471457826,40.6096504240361,-73.7023245921313,0.02291918033,0,2020.20932125683,2020.23224043716,218800000
4,5,0.000230000000000001,40.6942885536965,-74.3676471457826,40.6209401315178,-74.0656694801709,0.000230000000000001,0,2020.20932125683,2020.20955125683,218800000
5,2,0.03361814208,40.6209401315178,-74.0656694801709,40.6074880267473,-74.147372720747,0.03384814208,0.000230000000000001,2020.20955125683,2020.24316939891,218800000
5,3,0.04454710383,40.6209401315178,-74.0656694801709,40.6135154224055,-74.0365572879805,0.04477710383,0.000230000000000001,2020.20955125683,2020.25409836066,218800000
