node1,node2,length,startLat,startLon,endLat,endLon,endNodeL,startNodeL,startYear,endYear,treeID
9,10,0.00192,40.6044049644144,-73.850359689498,40.781159459162,-73.784626018324,0.00192,0,2020.20846125683,2020.21038125683,385200000
9,11,0.000919999999999997,40.6044049644144,-73.850359689498,40.6567795691569,-73.8171343234883,0.000919999999999997,0,2020.20846125683,2020.20938125683,385200000
10,1,1.25683072200317e-06,40.781159459162,-73.784626018324,40.7496762032903,-73.7730454119567,0.001921256830722,0.00192,2020.21038125683,2020.21038251366,385200000
10,2,1.25683072200317e-06,40.781159459162,-73.784626018324,40.6965454556227,-73.9920681089409,0.001921256830722,0.00192,2020.21038125683,2020.21038251366,385200000
11,12,0.03378,40.6567795691569,-73.8171343234883,40.7401442004605,-73.7240191733815,0.0347,0.000919999999999997,2020.20938125683,2020.24316125683,385200000
11,13,0.000900000000000005,40.6567795691569,-73.8171343234883,40.6938407778285,-73.8429226366474,0.00182,0.000919999999999997,2020.20938125683,2020.21028125683,385200000
12,3,8.14207668999728e-06,40.7401442004605,-73.7240191733815,40.7416356211447,-73.7249178505861,0.03470814207669,0.0347,2020.24316125683,2020.24316939891,385200000
12,4,0.01913382514,40.7401442004605,-73.7240191733815,40.7393874457716,-73.3533840679926,0.05383382514,0.0347,2020.24316125683,2020.26229508197,385200000
13,5,0.04108486339,40.6938407778285,-73.8429226366474,40.76532942508,-73.9243203032477,0.04290486339,0.00182,2020.21028125683,2020.25136612022,385200000
13,14,0.02901,40.6938407778285,-73.8429226366474,40.7085667074253,-74.0094135420112,0.03083,0.00182,2020.21028125683,2020.23929125683,385200000
14,6,0.003878142077,40.7085667074253,-74.0094135420112,40.7065358471753,-74.0108437444305,0.034708142077,0.03083,2020.23929125683,2020.24316939891,385200000
14,15,0.00196,40.7085667074253,-74.0094135420112,40.7203381850246,-73.969548845108,0.03279,0.03083,2020.23929125683,2020.24125125683,385200000
15,7,0.02104382514,40.7203381850246,-73.969548845108,40.6377077166428,-73.8975276231658,0.05383382514,0.03279,2020.24125125683,2020.26229508197,385200000
15,8,0.001918142077,40.7203381850246,-73.969548845108,40.6986695864612,-73.9754097518893,0.034708142077,0.03279,2020.24125125683,2020.24316939891,385200000
