node1,node2,length,startLat,startLon,endLat,endLon,endNodeL,startNodeL,startYear,endYear,treeID
9,10,0.00192,40.757369708892,-73.7580031626028,40.7511382684464,-73.7735360142805,0.00192,0,2020.20846125683,2020.21038125683,225200000
9,11,0.000919999999999997,40.757369708892,-73.7580031626028,40.7337189543188,-73.8120966011059,0.000919999999999997,0,2020.20846125683,2020.20938125683,225200000
10,1,1.25683072200317e-06,40.7511382684464,-73.7735360142805,40.7496762032903,-73.7730454119567,0.001921256830722,0.00192,2020.21038125683,2020.21038251366,225200000
10,2,1.25683072200317e-06,40.7511382684464,-73.7735360142805,40.6965454556227,-73.9920681089409,0.001921256830722,0.00192,2020.21038125683,2020.21038251366,225200000
11,12,0.03378,40.7337189543188,-73.8120966011059,40.7418402770184,-73.7275612781552,0.0347,0.000919999999999997,2020.20938125683,2020.24316125683,225200000
11,13,0.000900000000000005,40.7337189543188,-73.8120966011059,40.7589725344322,-73.8108403917638,0.00182,0.000919999999999997,2020.20938125683,2020.21028125683,225200000
12,3,8.14207668999728e-06,40.7418402770184,-73.7275612781552,40.7416356211447,-73.7249178505861,0.03470814207669,0.0347,2020.24316125683,2020.24316939891,225200000
12,4,0.01913382514,40.7418402770184,-73.7275612781552,40.7393874457716,-73.3533840679926,0.05383382514,0.0347,2020.24316125683,2020.26229508197,225200000
13,5,0.04108486339,40.7589725344322,-73.8108403917638,40.76532942508,-73.9243203032477,0.04290486339,0.00182,2020.21028125683,2020.25136612022,225200000
13,14,0.02901,40.7589725344322,-73.8108403917638,40.7168410274385,-73.9516425307265,0.03083,0.00182,2020.21028125683,2020.23929125683,225200000
14,6,0.003878142077,40.7168410274385,-73.9516425307265,40.7065358471753,-74.0108437444305,0.034708142077,0.03083,2020.23929125683,2020.24316939891,225200000
14,15,0.00196,40.7168410274385,-73.9516425307265,40.7106112182061,-73.9841086517871,0.03279,0.03083,2020.23929125683,2020.24125125683,225200000
15,7,0.02104382514,40.7106112182061,-73.9841086517871,40.6377077166428,-73.8975276231658,0.05383382514,0.03279,2020.24125125683,2020.26229508197,225200000
15,8,0.001918142077,40.7106112182061,-73.9841086517871,40.6986695864612,-73.9754097518893,0.034708142077,0.03279,2020.24125125683,2020.24316939891,225200000
