node1,node2,length,startLat,startLon,endLat,endLon,endNodeL,startNodeL,startYear,endYear,treeID
9,10,0.00192,40.7522075925217,-73.9173314459231,40.7090503736273,-73.9456937472387,0.00192,0,2020.20846125683,2020.21038125683,73600000
9,11,0.000919999999999997,40.7522075925217,-73.9173314459231,40.7639176453565,-73.9180094432671,0.000919999999999997,0,2020.20846125683,2020.20938125683,73600000
10,1,1.25683072200317e-06,40.7090503736273,-73.9456937472387,40.7496762032903,-73.7730454119567,0.001921256830722,0.00192,2020.21038125683,2020.21038251366,73600000
10,2,1.25683072200317e-06,40.7090503736273,-73.9456937472387,40.6965454556227,-73.9920681089409,0.001921256830722,0.00192,2020.21038125683,2020.21038251366,73600000
11,12,0.03378,40.7639176453565,-73.9180094432671,40.747138587004,-73.7419042671088,0.0347,0.000919999999999997,2020.20938125683,2020.24316125683,73600000
11,13,0.000900000000000005,40.7639176453565,-73.9180094432671,40.7689484896361,-73.9060792239542,0.00182,0.000919999999999997,2020.20938125683,2020.21028125683,73600000
12,3,8.14207668999728e-06,40.747138587004,-73.7419042671088,40.7416356211447,-73.7249178505861,0.03470814207669,0.0347,2020.24316125683,2020.24316939891,73600000
12,4,0.01913382514,40.747138587004,-73.7419042671088,40.7393874457716,-73.3533840679926,0.05383382514,0.0347,2020.24316125683,2020.26229508197,73600000
13,5,0.04108486339,40.7689484896361,-73.9060792239542,40.76532942508,-73.9243203032477,0.04290486339,0.00182,2020.21028125683,2020.25136612022,73600000
13,14,0.02901,40.7689484896361,-73.9060792239542,40.7037760961926,-73.9876234226736,0.03083,0.00182,2020.21028125683,2020.23929125683,73600000
14,6,0.003878142077,40.7037760961926,-73.9876234226736,40.7065358471753,-74.0108437444305,0.034708142077,0.03083,2020.23929125683,2020.24316939891,73600000
14,15,0.00196,40.7037760961926,-73.9876234226736,40.7495395803787,-73.9921482622586,0.03279,0.03083,2020.23929125683,2020.24125125683,73600000
15,7,0.02104382514,40.7495395803787,-73.9921482622586,40.6377077166428,-73.8975276231658,0.05383382514,0.03279,2020.24125125683,2020.26229508197,73600000
15,8,0.001918142077,40.7495395803787,-73.9921482622586,40.6986695864612,-73.9754097518893,0.034708142077,0.03279,2020.24125125683,2020.24316939891,73600000
