node1,node2,length,startLat,startLon,endLat,endLon,endNodeL,startNodeL,startYear,endYear,treeID
9,10,0.00192,40.8779641311323,-73.9020936153884,40.7510240260592,-73.7722753713284,0.00192,0,2020.20846125683,2020.21038125683,207200000
9,11,0.000919999999999997,40.8779641311323,-73.9020936153884,40.8742101282992,-73.8615913006548,0.000919999999999997,0,2020.20846125683,2020.20938125683,207200000
10,1,1.25683072200317e-06,40.7510240260592,-73.7722753713284,40.7496762032903,-73.7730454119567,0.001921256830722,0.00192,2020.21038125683,2020.21038251366,207200000
10,2,1.25683072200317e-06,40.7510240260592,-73.7722753713284,40.6965454556227,-73.9920681089409,0.001921256830722,0.00192,2020.21038125683,2020.21038251366,207200000
11,12,0.03378,40.8742101282992,-73.8615913006548,40.9746599483871,-73.7979923889988,0.0347,0.000919999999999997,2020.20938125683,2020.24316125683,207200000
11,13,0.000900000000000005,40.8742101282992,-73.8615913006548,40.8253831296703,-74.0626183653515,0.00182,0.000919999999999997,2020.20938125683,2020.21028125683,207200000
12,3,8.14207668999728e-06,40.9746599483871,-73.7979923889988,40.7416356211447,-73.7249178505861,0.03470814207669,0.0347,2020.24316125683,2020.24316939891,207200000
12,4,0.01913382514,40.9746599483871,-73.7979923889988,40.7393874457716,-73.3533840679926,0.05383382514,0.0347,2020.24316125683,2020.26229508197,207200000
13,5,0.04108486339,40.8253831296703,-74.0626183653515,40.76532942508,-73.9243203032477,0.04290486339,0.00182,2020.21028125683,2020.25136612022,207200000
13,14,0.02901,40.8253831296703,-74.0626183653515,40.7209027893826,-73.8636076596694,0.03083,0.00182,2020.21028125683,2020.23929125683,207200000
14,6,0.003878142077,40.7209027893826,-73.8636076596694,40.7065358471753,-74.0108437444305,0.034708142077,0.03083,2020.23929125683,2020.24316939891,207200000
14,15,0.00196,40.7209027893826,-73.8636076596694,40.731027229868,-73.7517499845242,0.03279,0.03083,2020.23929125683,2020.24125125683,207200000
15,7,0.02104382514,40.731027229868,-73.7517499845242,40.6377077166428,-73.8975276231658,0.05383382514,0.03279,2020.24125125683,2020.26229508197,207200000
15,8,0.001918142077,40.731027229868,-73.7517499845242,40.6986695864612,-73.9754097518893,0.034708142077,0.03279,2020.24125125683,2020.24316939891,207200000
