node1,node2,length,startLat,startLon,endLat,endLon,endNodeL,startNodeL,startYear,endYear,treeID
9,10,0.00192,40.6685226475145,-73.95714462516,40.6962351803658,-73.9940047993702,0.00192,0,2020.20846125683,2020.21038125683,265200000
9,11,0.000919999999999997,40.6685226475145,-73.95714462516,40.6978898445913,-73.9433023979807,0.000919999999999997,0,2020.20846125683,2020.20938125683,265200000
10,1,1.25683072200317e-06,40.6962351803658,-73.9940047993702,40.7496762032903,-73.7730454119567,0.001921256830722,0.00192,2020.21038125683,2020.21038251366,265200000
10,2,1.25683072200317e-06,40.6962351803658,-73.9940047993702,40.6965454556227,-73.9920681089409,0.001921256830722,0.00192,2020.21038125683,2020.21038251366,265200000
11,12,0.03378,40.6978898445913,-73.9433023979807,40.7411373469873,-73.7263711608016,0.0347,0.000919999999999997,2020.20938125683,2020.24316125683,265200000
11,13,0.000900000000000005,40.6978898445913,-73.9433023979807,40.6843091559109,-73.9375583794104,0.00182,0.000919999999999997,2020.20938125683,2020.21028125683,265200000
12,3,8.14207668999728e-06,40.7411373469873,-73.7263711608016,40.7416356211447,-73.7249178505861,0.03470814207669,0.0347,2020.24316125683,2020.24316939891,265200000
12,4,0.01913382514,40.7411373469873,-73.7263711608016,40.7393874457716,-73.3533840679926,0.05383382514,0.0347,2020.24316125683,2020.26229508197,265200000
13,5,0.04108486339,40.6843091559109,-73.9375583794104,40.76532942508,-73.9243203032477,0.04290486339,0.00182,2020.21028125683,2020.25136612022,265200000
13,14,0.02901,40.6843091559109,-73.9375583794104,40.6045159543035,-73.8955953652503,0.03083,0.00182,2020.21028125683,2020.23929125683,265200000
14,6,0.003878142077,40.6045159543035,-73.8955953652503,40.7065358471753,-74.0108437444305,0.034708142077,0.03083,2020.23929125683,2020.24316939891,265200000
14,15,0.00196,40.6045159543035,-73.8955953652503,40.6950042974947,-73.9079165293255,0.03279,0.03083,2020.23929125683,2020.24125125683,265200000
15,7,0.02104382514,40.6950042974947,-73.9079165293255,40.6377077166428,-73.8975276231658,0.05383382514,0.03279,2020.24125125683,2020.26229508197,265200000
15,8,0.001918142077,40.6950042974947,-73.9079165293255,40.6986695864612,-73.9754097518893,0.034708142077,0.03279,2020.24125125683,2020.24316939891,265200000
