node1,node2,length,startLat,startLon,endLat,endLon,endNodeL,startNodeL,startYear,endYear,treeID
6,7,0.000409999999999994,40.7124460666805,-74.1806228926419,40.6781718806478,-74.1529177733585,0.000409999999999994,0,2020.20893125682,2020.20934125682,358000000
6,8,0.00109999999999999,40.7124460666805,-74.1806228926419,41.0655426172342,-74.2040402606102,0.00109999999999999,0,2020.20893125682,2020.21003125682,358000000
7,1,0.0502215847,40.6781718806478,-74.1529177733585,40.6242958287709,-74.0398377559007,0.0506315847,0.000409999999999994,2020.20934125682,2020.25956284152,358000000
7,2,0.1376532787,40.6781718806478,-74.1529177733585,40.6778243198708,-74.0035962823457,0.1380632787,0.000409999999999994,2020.20934125682,2020.34699453552,358000000
8,5,0.02494142077,41.0655426172342,-74.2040402606102,40.7505756015527,-73.6497131762703,0.02604142077,0.00109999999999999,2020.21003125682,2020.23497267759,358000000
8,9,0.03856,41.0655426172342,-74.2040402606102,40.5991259925287,-74.0691838739911,0.03966,0.00109999999999999,2020.21003125682,2020.24859125682,358000000
9,3,0.01370382514,40.5991259925287,-74.0691838739911,40.6362120050425,-74.0107254071118,0.05336382514,0.03966,2020.24859125682,2020.26229508196,358000000
9,4,0.01370382514,40.5991259925287,-74.0691838739911,40.6330843995128,-74.0387825769749,0.05336382514,0.03966,2020.24859125682,2020.26229508196,358000000
