node1,node2,length,startLat,startLon,endLat,endLon,endNodeL,startNodeL,startYear,endYear,treeID
4,1,0.002131256831,40.8607204180297,-73.8639822698357,40.7364601935294,-74.003111311229,0.002131256831,0,2020.20825125683,2020.21038251366,356000000
4,5,0.0011,40.8607204180297,-73.8639822698357,40.8550189453902,-73.8865906892416,0.0011,0,2020.20825125683,2020.20935125683,356000000
5,2,0.09665967213,40.8550189453902,-73.8865906892416,40.6991523363427,-73.6317017695909,0.09775967213,0.0011,2020.20935125683,2020.30601092896,356000000
5,3,0.03381814208,40.8550189453902,-73.8865906892416,40.7569274695772,-73.6137289874003,0.03491814208,0.0011,2020.20935125683,2020.24316939891,356000000
