node1,node2,length,startLat,startLon,endLat,endLon,endNodeL,startNodeL,startYear,endYear,treeID
4,1,0.002131256831,40.7423525624918,-73.9283010313559,40.7364601935294,-74.003111311229,0.002131256831,0,2020.20825125683,2020.21038251366,132800000
4,5,0.0011,40.7423525624918,-73.9283010313559,40.7568530733532,-74.0324515323704,0.0011,0,2020.20825125683,2020.20935125683,132800000
5,2,0.09665967213,40.7568530733532,-74.0324515323704,40.6991523363427,-73.6317017695909,0.09775967213,0.0011,2020.20935125683,2020.30601092896,132800000
5,3,0.03381814208,40.7568530733532,-74.0324515323704,40.7569274695772,-73.6137289874003,0.03491814208,0.0011,2020.20935125683,2020.24316939891,132800000
