node1,node2,length,startLat,startLon,endLat,endLon,endNodeL,startNodeL,startYear,endYear,treeID
4,1,0.002131256831,40.4682280737086,-73.042577143594,40.7364601935294,-74.003111311229,0.002131256831,0,2020.20825125683,2020.21038251366,186000000
4,5,0.0011,40.4682280737086,-73.042577143594,40.4945693614265,-73.3599358386032,0.0011,0,2020.20825125683,2020.20935125683,186000000
5,2,0.09665967213,40.4945693614265,-73.3599358386032,40.6991523363427,-73.6317017695909,0.09775967213,0.0011,2020.20935125683,2020.30601092896,186000000
5,3,0.03381814208,40.4945693614265,-73.3599358386032,40.7569274695772,-73.6137289874003,0.03491814208,0.0011,2020.20935125683,2020.24316939891,186000000
