node1,node2,length,startLat,startLon,endLat,endLon,endNodeL,startNodeL,startYear,endYear,treeID
4,1,0.002131256831,40.812893810422,-73.7757649433318,40.7364601935294,-74.003111311229,0.002131256831,0,2020.20825125683,2020.21038251366,189200000
4,5,0.0011,40.812893810422,-73.7757649433318,40.7243209690375,-73.720333265072,0.0011,0,2020.20825125683,2020.20935125683,189200000
5,2,0.09665967213,40.7243209690375,-73.720333265072,40.6991523363427,-73.6317017695909,0.09775967213,0.0011,2020.20935125683,2020.30601092896,189200000
5,3,0.03381814208,40.7243209690375,-73.720333265072,40.7569274695772,-73.6137289874003,0.03491814208,0.0011,2020.20935125683,2020.24316939891,189200000
