node1,node2,length,startLat,startLon,endLat,endLon,endNodeL,startNodeL,startYear,endYear,treeID
4,1,0.002131256831,40.7092355953282,-73.9832780063156,40.7364601935294,-74.003111311229,0.002131256831,0,2020.20825125683,2020.21038251366,219200000
4,5,0.0011,40.7092355953282,-73.9832780063156,41.02113576876,-74.1653412444521,0.0011,0,2020.20825125683,2020.20935125683,219200000
5,2,0.09665967213,41.02113576876,-74.1653412444521,40.6991523363427,-73.6317017695909,0.09775967213,0.0011,2020.20935125683,2020.30601092896,219200000
5,3,0.03381814208,41.02113576876,-74.1653412444521,40.7569274695772,-73.6137289874003,0.03491814208,0.0011,2020.20935125683,2020.24316939891,219200000
