node1,node2,length,startLat,startLon,endLat,endLon,endNodeL,startNodeL,startYear,endYear,treeID
4,3,0.005771256831,40.34450375976,-73.828807698,40.591825798551,-73.7994838371471,0.005771256831,0,2020.20461125683,2020.21038251366,201200000
4,5,0.01394,40.34450375976,-73.828807698,40.6429191878284,-74.0140674264989,0.01394,0,2020.20461125683,2020.21855125683,201200000
5,1,0.02461814208,40.6429191878284,-74.0140674264989,40.6219454244052,-74.0275421735791,0.03855814208,0.01394,2020.21855125683,2020.24316939891,201200000
5,2,2.79781420999964e-05,40.6429191878284,-74.0140674264989,40.6423090743195,-74.0137969847641,0.0139679781421,0.01394,2020.21855125683,2020.21857923497,201200000
