node1,node2,length,startLat,startLon,endLat,endLon,endNodeL,startNodeL,startYear,endYear,treeID
6,1,4.95047334500009e-05,40.7372923901093,-73.8480439027185,40.7279848344095,-73.8559587356843,4.95047334500009e-05,0,2020.22945869199,2020.22950819672,133200000
6,7,0.009052564843,40.7372923901093,-73.8480439027185,40.6273233340274,-73.9169004604901,0.009052564843,0,2020.22945869199,2020.23851125683,133200000
7,2,0.03744502732,40.6273233340274,-73.9169004604901,40.707432682262,-73.7941303833606,0.046497592163,0.009052564843,2020.23851125683,2020.27595628415,133200000
7,8,0.001773942179,40.6273233340274,-73.9169004604901,40.5826659534156,-73.9289583831452,0.010826507022,0.009052564843,2020.23851125683,2020.24028519901,133200000
8,3,0.000151959461000002,40.5826659534156,-73.9289583831452,40.5250628518072,-74.2287800065583,0.010978466483,0.010826507022,2020.24028519901,2020.24043715847,133200000
8,9,0.002587321933,40.5826659534156,-73.9289583831452,40.6527897822443,-73.7446377155011,0.013413828955,0.010826507022,2020.24028519901,2020.24287252094,133200000
9,4,0.000296877965200004,40.6527897822443,-73.7446377155011,40.7422585778641,-73.6748065362077,0.0137107069202,0.013413828955,2020.24287252094,2020.24316939891,133200000
9,5,0.0248870419,40.6527897822443,-73.7446377155011,40.6298192938593,-74.0151415224051,0.038300870855,0.013413828955,2020.24287252094,2020.26775956284,133200000
