node1,node2,length,startLat,startLon,endLat,endLon,endNodeL,startNodeL,startYear,endYear,treeID
6,1,4.95047334500009e-05,40.7197437189117,-73.8828089478278,40.7279848344095,-73.8559587356843,4.95047334500009e-05,0,2020.22945869199,2020.22950819672,258000000
6,7,0.009052564843,40.7197437189117,-73.8828089478278,40.7615872744615,-74.0353576699093,0.009052564843,0,2020.22945869199,2020.23851125683,258000000
7,2,0.03744502732,40.7615872744615,-74.0353576699093,40.707432682262,-73.7941303833606,0.046497592163,0.009052564843,2020.23851125683,2020.27595628415,258000000
7,8,0.001773942179,40.7615872744615,-74.0353576699093,40.5433277809257,-74.0942004696286,0.010826507022,0.009052564843,2020.23851125683,2020.24028519901,258000000
8,3,0.000151959461000002,40.5433277809257,-74.0942004696286,40.5250628518072,-74.2287800065583,0.010978466483,0.010826507022,2020.24028519901,2020.24043715847,258000000
8,9,0.002587321933,40.5433277809257,-74.0942004696286,40.6636344096562,-73.8061831555531,0.013413828955,0.010826507022,2020.24028519901,2020.24287252094,258000000
9,4,0.000296877965200004,40.6636344096562,-73.8061831555531,40.7422585778641,-73.6748065362077,0.0137107069202,0.013413828955,2020.24287252094,2020.24316939891,258000000
9,5,0.0248870419,40.6636344096562,-73.8061831555531,40.6298192938593,-74.0151415224051,0.038300870855,0.013413828955,2020.24287252094,2020.26775956284,258000000
